ISO-10303-21;
HEADER;
FILE_DESCRIPTION (( 'STEP AP214' ),
    '1' );
FILE_NAME ('NMJ6HCD2.STEP',
    '2023-08-16T10:19:26',
    ( '' ),
    ( '' ),
    'SwSTEP 2.0',
    'SolidWorks 2021',
    '' );
FILE_SCHEMA (( 'AUTOMOTIVE_DESIGN' ));
ENDSEC;

DATA;
#1 = DIRECTION ( 'NONE',  ( 1.000000000000000000, 0.000000000000000000, 0.000000000000000000 ) ) ;
#2 = ORIENTED_EDGE ( 'NONE', *, *, #758, .T. ) ;
#3 = DIRECTION ( 'NONE',  ( 0.000000000000000000, 0.000000000000000000, 1.000000000000000000 ) ) ;
#4 = EDGE_CURVE ( 'NONE', #467, #2441, #2475, .T. ) ;
#5 = VERTEX_POINT ( 'NONE', #1757 ) ;
#6 = DIRECTION ( 'NONE',  ( 1.000000000000000000, 0.000000000000000000, 0.000000000000000000 ) ) ;
#7 = VERTEX_POINT ( 'NONE', #2187 ) ;
#8 = DIRECTION ( 'NONE',  ( 1.000000000000000000, 0.000000000000000000, 0.000000000000000000 ) ) ;
#9 = DIRECTION ( 'NONE',  ( 0.000000000000000000, 1.000000000000000000, 0.000000000000000000 ) ) ;
#10 = CARTESIAN_POINT ( 'NONE',  ( 6.806468129806999556, 13.55838799068000000, -20.60999999999999943 ) ) ;
#11 = AXIS2_PLACEMENT_3D ( 'NONE', #2593, #2829, #1206 ) ;
#12 = MANIFOLD_SOLID_BREP ( 'Split1[3]', #595 ) ;
#13 = CARTESIAN_POINT ( 'NONE',  ( 7.865000000000000213, 0.000000000000000000, -12.44999999999999929 ) ) ;
#14 = UNCERTAINTY_MEASURE_WITH_UNIT (LENGTH_MEASURE( 1.000000000000000082E-05 ), #2713, 'distance_accuracy_value', 'NONE');
#15 = LINE ( 'NONE', #2330, #1685 ) ;
#16 = ORIENTED_EDGE ( 'NONE', *, *, #1250, .T. ) ;
#17 = DIRECTION ( 'NONE',  ( 0.000000000000000000, 0.000000000000000000, -1.000000000000000000 ) ) ;
#18 = EDGE_CURVE ( 'NONE', #623, #1628, #1915, .T. ) ;
#19 = LINE ( 'NONE', #2759, #1973 ) ;
#20 = SHAPE_DEFINITION_REPRESENTATION ( #1868, #1818 ) ;
#21 = AXIS2_PLACEMENT_3D ( 'NONE', #1103, #2963, #871 ) ;
#22 = DIRECTION ( 'NONE',  ( 0.000000000000000000, 0.000000000000000000, -1.000000000000000000 ) ) ;
#23 = VECTOR ( 'NONE', #543, 1000.000000000000000 ) ;
#24 = LINE ( 'NONE', #2764, #2071 ) ;
#25 = VECTOR ( 'NONE', #1149, 1000.000000000000000 ) ;
#26 = LINE ( 'NONE', #2809, #1775 ) ;
#27 = ADVANCED_FACE ( 'NONE', ( #462 ), #240, .F. ) ;
#28 = VECTOR ( 'NONE', #1309, 1000.000000000000000 ) ;
#29 = FACE_OUTER_BOUND ( 'NONE', #1090, .T. ) ;
#30 = VERTEX_POINT ( 'NONE', #2303 ) ;
#31 = CARTESIAN_POINT ( 'NONE',  ( 0.000000000000000000, 8.139999999999998792, 3.000000000000000000 ) ) ;
#32 = LINE ( 'NONE', #2609, #2611 ) ;
#33 = VECTOR ( 'NONE', #1646, 1000.000000000000000 ) ;
#34 = MANIFOLD_SOLID_BREP ( 'Split1[5]', #1519 ) ;
#35 = CARTESIAN_POINT ( 'NONE',  ( 7.865000000000000213, 0.2200000000000000011, -8.250000000000000000 ) ) ;
#36 = ADVANCED_FACE ( 'NONE', ( #2539 ), #1121, .T. ) ;
#37 = AXIS2_PLACEMENT_3D ( 'NONE', #98, #1024, #806 ) ;
#38 = ADVANCED_FACE ( 'NONE', ( #1092 ), #1362, .F. ) ;
#39 = DIRECTION ( 'NONE',  ( 0.000000000000000000, 0.000000000000000000, 1.000000000000000000 ) ) ;
#40 = DIRECTION ( 'NONE',  ( 0.000000000000000000, -1.000000000000000000, 0.000000000000000000 ) ) ;
#41 = CARTESIAN_POINT ( 'NONE',  ( 9.099999999999999645, 0.2200000000000000011, 0.000000000000000000 ) ) ;
#42 = EDGE_CURVE ( 'NONE', #570, #1011, #1344, .T. ) ;
#43 = CARTESIAN_POINT ( 'NONE',  ( -4.349999999999999645, 12.35500000000000043, -23.52999999999999758 ) ) ;
#44 = ORIENTED_EDGE ( 'NONE', *, *, #1478, .F. ) ;
#45 = DIRECTION ( 'NONE',  ( 0.000000000000000000, 0.000000000000000000, 1.000000000000000000 ) ) ;
#46 = DIRECTION ( 'NONE',  ( 0.000000000000000000, -1.000000000000000000, 0.000000000000000000 ) ) ;
#47 = CARTESIAN_POINT ( 'NONE',  ( 10.34999999999999787, 6.422568153743954457E-16, 8.673617379884035472E-16 ) ) ;
#48 = DIRECTION ( 'NONE',  ( -0.000000000000000000, 1.000000000000000000, 0.000000000000000000 ) ) ;
#49 = DIRECTION ( 'NONE',  ( 1.000000000000000000, 0.000000000000000000, 0.000000000000000000 ) ) ;
#50 = EDGE_CURVE ( 'NONE', #1948, #1793, #397, .T. ) ;
#51 = ADVANCED_FACE ( 'NONE', ( #689, #2791 ), #1376, .T. ) ;
#52 = ORIENTED_EDGE ( 'NONE', *, *, #1821, .T. ) ;
#53 = DIRECTION ( 'NONE',  ( 0.000000000000000000, 0.000000000000000000, 1.000000000000000000 ) ) ;
#54 = EDGE_CURVE ( 'NONE', #2656, #717, #2278, .T. ) ;
#55 = CARTESIAN_POINT ( 'NONE',  ( -8.364999999999998437, -3.449999999999999734, -4.549999999999999822 ) ) ;
#56 = VERTEX_POINT ( 'NONE', #922 ) ;
#57 = DIRECTION ( 'NONE',  ( 0.000000000000000000, -1.000000000000000000, 0.000000000000000000 ) ) ;
#58 = ORIENTED_EDGE ( 'NONE', *, *, #2773, .T. ) ;
#59 = DIRECTION ( 'NONE',  ( 0.000000000000000000, 0.000000000000000000, -1.000000000000000000 ) ) ;
#60 = LINE ( 'NONE', #2181, #1708 ) ;
#61 = CARTESIAN_POINT ( 'NONE',  ( 8.300000000000000711, 8.139999999999998792, -20.60999999999999943 ) ) ;
#62 = CLOSED_SHELL ( 'NONE', ( #1335, #36, #2828, #775, #1241, #402, #516, #162, #1619, #648, #51, #1120, #2986, #2005, #724, #1315 ) ) ;
#63 = LINE ( 'NONE', #1957, #2406 ) ;
#64 = ORIENTED_EDGE ( 'NONE', *, *, #96, .T. ) ;
#65 = VECTOR ( 'NONE', #2451, 1000.000000000000000 ) ;
#66 = DIRECTION ( 'NONE',  ( -1.000000000000000000, 0.000000000000000000, 0.000000000000000000 ) ) ;
#67 = CIRCLE ( 'NONE', #1824, 3.250000000000000000 ) ;
#68 = EDGE_CURVE ( 'NONE', #1993, #554, #2034, .T. ) ;
#69 = AXIS2_PLACEMENT_3D ( 'NONE', #734, #2326, #966 ) ;
#70 = ORIENTED_EDGE ( 'NONE', *, *, #2653, .F. ) ;
#71 = ADVANCED_FACE ( 'NONE', ( #203 ), #904, .F. ) ;
#72 = CARTESIAN_POINT ( 'NONE',  ( 7.865000000000000213, -3.449999999999999734, -17.25000000000000000 ) ) ;
#73 = VECTOR ( 'NONE', #609, 1000.000000000000000 ) ;
#74 = EDGE_LOOP ( 'NONE', ( #1256, #870, #1075, #2250 ) ) ;
#75 = DIRECTION ( 'NONE',  ( 0.000000000000000000, 1.000000000000000000, 0.000000000000000000 ) ) ;
#76 = CARTESIAN_POINT ( 'NONE',  ( 0.000000000000000000, 8.139999999999998792, 0.000000000000000000 ) ) ;
#77 =( LENGTH_UNIT ( ) NAMED_UNIT ( * ) SI_UNIT ( .MILLI., .METRE. ) );
#78 = FACE_OUTER_BOUND ( 'NONE', #2389, .T. ) ;
#79 = VECTOR ( 'NONE', #827, 1000.000000000000000 ) ;
#80 = EDGE_LOOP ( 'NONE', ( #2891, #230, #1071, #1000, #920, #602, #2533, #435 ) ) ;
#81 = DIRECTION ( 'NONE',  ( 0.8014154089485987509, 0.5981081359584988766, 0.000000000000000000 ) ) ;
#82 = VERTEX_POINT ( 'NONE', #2969 ) ;
#83 = VECTOR ( 'NONE', #2281, 1000.000000000000000 ) ;
#84 = CARTESIAN_POINT ( 'NONE',  ( -6.980486755139913108E-16, 13.83999999999999986, 3.000000000000000000 ) ) ;
#85 = VERTEX_POINT ( 'NONE', #875 ) ;
#86 = DIRECTION ( 'NONE',  ( -1.000000000000000000, 0.000000000000000000, 0.000000000000000000 ) ) ;
#87 = ORIENTED_EDGE ( 'NONE', *, *, #2823, .T. ) ;
#88 = ADVANCED_FACE ( 'NONE', ( #1804 ), #1840, .T. ) ;
#89 = FACE_OUTER_BOUND ( 'NONE', #654, .T. ) ;
#90 = FACE_OUTER_BOUND ( 'NONE', #2810, .T. ) ;
#91 = CARTESIAN_POINT ( 'NONE',  ( 8.364999999999998437, 0.2200000000000000011, -14.59999999999999964 ) ) ;
#92 = ORIENTED_EDGE ( 'NONE', *, *, #2847, .F. ) ;
#93 = CARTESIAN_POINT ( 'NONE',  ( -8.364999999999998437, -3.449999999999999734, -9.799999999999998934 ) ) ;
#94 =( LENGTH_UNIT ( ) NAMED_UNIT ( * ) SI_UNIT ( .MILLI., .METRE. ) );
#95 = LINE ( 'NONE', #1245, #2402 ) ;
#96 = EDGE_CURVE ( 'NONE', #273, #180, #165, .T. ) ;
#97 = ORIENTED_EDGE ( 'NONE', *, *, #820, .T. ) ;
#98 = CARTESIAN_POINT ( 'NONE',  ( 8.364999999999998437, 0.2200000000000000011, -18.80000000000000071 ) ) ;
#99 = ORIENTED_EDGE ( 'NONE', *, *, #2592, .F. ) ;
#100 = DIRECTION ( 'NONE',  ( 1.000000000000000000, 0.000000000000000000, 0.000000000000000000 ) ) ;
#101 = EDGE_CURVE ( 'NONE', #1727, #1171, #2149, .T. ) ;
#102 = CARTESIAN_POINT ( 'NONE',  ( -7.865000000000000213, 0.000000000000000000, -4.549999999999999822 ) ) ;
#103 = CARTESIAN_POINT ( 'NONE',  ( 7.865000000000000213, 0.2200000000000000011, -18.80000000000000071 ) ) ;
#104 = ORIENTED_EDGE ( 'NONE', *, *, #535, .T. ) ;
#105 = CARTESIAN_POINT ( 'NONE',  ( 7.865000000000000213, 0.2200000000000000011, -1.899999999999999911 ) ) ;
#106 = ORIENTED_EDGE ( 'NONE', *, *, #2056, .F. ) ;
#107 = LINE ( 'NONE', #1480, #1430 ) ;
#108 = EDGE_CURVE ( 'NONE', #2485, #2179, #2830, .T. ) ;
#109 = VECTOR ( 'NONE', #2496, 1000.000000000000000 ) ;
#110 = ORIENTED_EDGE ( 'NONE', *, *, #1989, .T. ) ;
#111 = DIRECTION ( 'NONE',  ( 0.000000000000000000, -1.000000000000000000, 0.000000000000000000 ) ) ;
#112 = AXIS2_PLACEMENT_3D ( 'NONE', #1744, #1958, #2668 ) ;
#113 = VERTEX_POINT ( 'NONE', #2595 ) ;
#114 = FACE_OUTER_BOUND ( 'NONE', #1034, .T. ) ;
#115 = VECTOR ( 'NONE', #1052, 1000.000000000000000 ) ;
#116 = DIRECTION ( 'NONE',  ( 0.000000000000000000, 0.000000000000000000, -1.000000000000000000 ) ) ;
#117 = DIRECTION ( 'NONE',  ( 1.000000000000000000, 0.000000000000000000, 0.000000000000000000 ) ) ;
#118 = CYLINDRICAL_SURFACE ( 'NONE', #2499, 0.5500000000000001554 ) ;
#119 = AXIS2_PLACEMENT_3D ( 'NONE', #1118, #1607, #1167 ) ;
#120 = VERTEX_POINT ( 'NONE', #530 ) ;
#121 = CARTESIAN_POINT ( 'NONE',  ( 8.364999999999998437, -3.449999999999999734, -10.90000000000000036 ) ) ;
#122 = DIRECTION ( 'NONE',  ( 1.000000000000000000, 0.000000000000000000, 0.000000000000000000 ) ) ;
#123 = ADVANCED_FACE ( 'NONE', ( #78 ), #304, .T. ) ;
#124 = VERTEX_POINT ( 'NONE', #291 ) ;
#125 = EDGE_CURVE ( 'NONE', #2772, #2201, #1927, .T. ) ;
#126 = CARTESIAN_POINT ( 'NONE',  ( -7.865000000000000213, 0.2200000000000000011, -14.59999999999999964 ) ) ;
#127 = VECTOR ( 'NONE', #6, 1000.000000000000000 ) ;
#128 = ORIENTED_EDGE ( 'NONE', *, *, #2424, .T. ) ;
#129 = VECTOR ( 'NONE', #2351, 1000.000000000000000 ) ;
#130 = ORIENTED_EDGE ( 'NONE', *, *, #1450, .F. ) ;
#131 = CARTESIAN_POINT ( 'NONE',  ( -10.92006769424999924, 0.000000000000000000, -4.549999999999999822 ) ) ;
#132 = ADVANCED_FACE ( 'NONE', ( #1900 ), #951, .F. ) ;
#133 = AXIS2_PLACEMENT_3D ( 'NONE', #1839, #445, #220 ) ;
#134 = ORIENTED_EDGE ( 'NONE', *, *, #1258, .T. ) ;
#135 = CARTESIAN_POINT ( 'NONE',  ( 7.865000000000000213, 0.2200000000000000011, -1.899999999999999911 ) ) ;
#136 = FACE_OUTER_BOUND ( 'NONE', #192, .T. ) ;
#137 = CARTESIAN_POINT ( 'NONE',  ( 8.364999999999998437, -3.449999999999999734, -9.799999999999998934 ) ) ;
#138 = FACE_OUTER_BOUND ( 'NONE', #2936, .T. ) ;
#139 = VERTEX_POINT ( 'NONE', #281 ) ;
#140 = CARTESIAN_POINT ( 'NONE',  ( 3.801213018315060754, 8.139999999999998792, -21.92590392197771365 ) ) ;
#141 = FILL_AREA_STYLE_COLOUR ( '', #212 ) ;
#142 = EDGE_CURVE ( 'NONE', #2017, #2092, #964, .T. ) ;
#144 = ORIENTED_EDGE ( 'NONE', *, *, #1540, .T. ) ;
#143 = LINE ( 'NONE', #2970, #650 ) ;
#145 = EDGE_CURVE ( 'NONE', #2765, #491, #1945, .T. ) ;
#146 = ORIENTED_EDGE ( 'NONE', *, *, #2937, .F. ) ;
#147 = CARTESIAN_POINT ( 'NONE',  ( 9.099999999999999645, 0.2200000000000000011, -20.60999999999999943 ) ) ;
#148 = ORIENTED_EDGE ( 'NONE', *, *, #551, .T. ) ;
#149 = CARTESIAN_POINT ( 'NONE',  ( 4.349999999999999645, 12.35500000000000043, -23.52999999999999758 ) ) ;
#150 = ADVANCED_FACE ( 'NONE', ( #1418 ), #488, .F. ) ;
#151 = CARTESIAN_POINT ( 'NONE',  ( 6.034658029382999445, 12.64375426377000089, -20.60999999999999943 ) ) ;
#152 = ORIENTED_EDGE ( 'NONE', *, *, #2535, .T. ) ;
#153 = CARTESIAN_POINT ( 'NONE',  ( -8.364999999999998437, 0.2200000000000000011, -6.100000000000000533 ) ) ;
#154 = ORIENTED_EDGE ( 'NONE', *, *, #2002, .F. ) ;
#155 = DIRECTION ( 'NONE',  ( -0.000000000000000000, 1.000000000000000000, 0.000000000000000000 ) ) ;
#156 = CARTESIAN_POINT ( 'NONE',  ( 8.364999999999998437, 0.000000000000000000, -8.250000000000000000 ) ) ;
#157 = ORIENTED_EDGE ( 'NONE', *, *, #1258, .F. ) ;
#158 = CARTESIAN_POINT ( 'NONE',  ( 8.364999999999998437, 0.2200000000000000011, -12.44999999999999929 ) ) ;
#159 = ORIENTED_EDGE ( 'NONE', *, *, #2304, .T. ) ;
#160 = STYLED_ITEM ( 'NONE', ( #1139 ), #34 ) ;
#161 = LINE ( 'NONE', #2922, #2853 ) ;
#162 = ADVANCED_FACE ( 'NONE', ( #502, #1638 ), #2805, .F. ) ;
#163 = ORIENTED_EDGE ( 'NONE', *, *, #258, .F. ) ;
#164 = CARTESIAN_POINT ( 'NONE',  ( -8.364999999999998437, 0.2200000000000000011, -12.44999999999999929 ) ) ;
#165 = CIRCLE ( 'NONE', #2396, 5.700000000000000178 ) ;
#166 = ADVANCED_FACE ( 'NONE', ( #2863 ), #1695, .T. ) ;
#167 = PLANE ( 'NONE',  #2411 ) ;
#168 = AXIS2_PLACEMENT_3D ( 'NONE', #276, #1414, #933 ) ;
#169 = ORIENTED_EDGE ( 'NONE', *, *, #1539, .F. ) ;
#170 = LINE ( 'NONE', #2738, #1222 ) ;
#171 = VECTOR ( 'NONE', #2854, 1000.000000000000114 ) ;
#172 = ORIENTED_EDGE ( 'NONE', *, *, #2043, .T. ) ;
#173 = FACE_OUTER_BOUND ( 'NONE', #2517, .T. ) ;
#174 = AXIS2_PLACEMENT_3D ( 'NONE', #306, #2851, #2831 ) ;
#175 = DIRECTION ( 'NONE',  ( -1.000000000000000000, 0.000000000000000000, 0.000000000000000000 ) ) ;
#176 = LINE ( 'NONE', #2985, #28 ) ;
#177 = EDGE_LOOP ( 'NONE', ( #1281, #1402, #664, #2909 ) ) ;
#178 = VECTOR ( 'NONE', #357, 1000.000000000000000 ) ;
#179 = LINE ( 'NONE', #245, #1891 ) ;
#180 = VERTEX_POINT ( 'NONE', #2570 ) ;
#181 = CARTESIAN_POINT ( 'NONE',  ( 3.801213018315060754, 8.139999999999998792, -0.7384265961928611066 ) ) ;
#182 = EDGE_CURVE ( 'NONE', #2942, #848, #2388, .T. ) ;
#183 = DIRECTION ( 'NONE',  ( 0.000000000000000000, 0.000000000000000000, 1.000000000000000000 ) ) ;
#184 = EDGE_CURVE ( 'NONE', #1600, #1734, #2335, .T. ) ;
#185 = ORIENTED_EDGE ( 'NONE', *, *, #1377, .T. ) ;
#186 = CARTESIAN_POINT ( 'NONE',  ( 7.865000000000000213, 0.000000000000000000, -16.15000000000000213 ) ) ;
#187 = VERTEX_POINT ( 'NONE', #1650 ) ;
#188 = DIRECTION ( 'NONE',  ( -0.000000000000000000, 1.000000000000000000, 0.000000000000000000 ) ) ;
#189 = DIRECTION ( 'NONE',  ( 1.000000000000000000, 0.000000000000000000, 0.000000000000000000 ) ) ;
#190 = CARTESIAN_POINT ( 'NONE',  ( 0.000000000000000000, 8.139999999999998792, 0.000000000000000000 ) ) ;
#191 = ORIENTED_EDGE ( 'NONE', *, *, #68, .T. ) ;
#192 = EDGE_LOOP ( 'NONE', ( #608, #1340, #2700, #1176 ) ) ;
#193 = CARTESIAN_POINT ( 'NONE',  ( -7.865000000000000213, 0.000000000000000000, -9.799999999999998934 ) ) ;
#194 = ORIENTED_EDGE ( 'NONE', *, *, #2689, .T. ) ;
#195 = PLANE ( 'NONE',  #2794 ) ;
#196 = CARTESIAN_POINT ( 'NONE',  ( 0.000000000000000000, 8.139999999999998792, 3.000000000000000000 ) ) ;
#197 = ORIENTED_EDGE ( 'NONE', *, *, #727, .T. ) ;
#198 = CARTESIAN_POINT ( 'NONE',  ( -7.865000000000000213, 0.000000000000000000, -17.25000000000000000 ) ) ;
#199 = EDGE_CURVE ( 'NONE', #2142, #1213, #264, .T. ) ;
#200 = EDGE_LOOP ( 'NONE', ( #2812, #2618, #1866, #536 ) ) ;
#201 = LINE ( 'NONE', #2097, #2459 ) ;
#202 = FACE_OUTER_BOUND ( 'NONE', #2258, .T. ) ;
#203 = FACE_OUTER_BOUND ( 'NONE', #1702, .T. ) ;
#204 = EDGE_CURVE ( 'NONE', #1907, #1353, #2994, .T. ) ;
#205 = DIRECTION ( 'NONE',  ( 1.000000000000000000, 0.000000000000000000, 0.000000000000000000 ) ) ;
#206 = ORIENTED_EDGE ( 'NONE', *, *, #2660, .F. ) ;
#207 = ORIENTED_EDGE ( 'NONE', *, *, #1464, .F. ) ;
#208 = DIRECTION ( 'NONE',  ( 0.000000000000000000, 0.000000000000000000, 1.000000000000000000 ) ) ;
#209 = STYLED_ITEM ( 'NONE', ( #2060 ), #2029 ) ;
#210 = VERTEX_POINT ( 'NONE', #1028 ) ;
#211 = CARTESIAN_POINT ( 'NONE',  ( -8.364999999999998437, -3.449999999999999734, -17.25000000000000000 ) ) ;
#212 = COLOUR_RGB ( '',0.7960784313725489669, 0.8235294117647058432, 0.9372549019607843146 ) ;
#213 = CARTESIAN_POINT ( 'NONE',  ( 8.364999999999998437, 0.2200000000000000011, -14.59999999999999964 ) ) ;
#214 = VECTOR ( 'NONE', #1180, 1000.000000000000000 ) ;
#215 = ORIENTED_EDGE ( 'NONE', *, *, #557, .T. ) ;
#216 = DIRECTION ( 'NONE',  ( 1.000000000000000000, 0.000000000000000000, 0.000000000000000000 ) ) ;
#217 = VECTOR ( 'NONE', #45, 1000.000000000000000 ) ;
#218 = ORIENTED_EDGE ( 'NONE', *, *, #1943, .F. ) ;
#219 = CARTESIAN_POINT ( 'NONE',  ( 8.364999999999998437, 0.2200000000000000011, -8.250000000000000000 ) ) ;
#220 = DIRECTION ( 'NONE',  ( 1.000000000000000000, 0.000000000000000000, 0.000000000000000000 ) ) ;
#221 = AXIS2_PLACEMENT_3D ( 'NONE', #1260, #1453, #66 ) ;
#222 = DIRECTION ( 'NONE',  ( 0.000000000000000000, 0.000000000000000000, 1.000000000000000000 ) ) ;
#223 = EDGE_CURVE ( 'NONE', #570, #554, #1305, .T. ) ;
#224 = AXIS2_PLACEMENT_3D ( 'NONE', #1710, #292, #81 ) ;
#225 = EDGE_CURVE ( 'NONE', #2708, #2273, #1050, .T. ) ;
#226 = ORIENTED_EDGE ( 'NONE', *, *, #1990, .F. ) ;
#228 = ORIENTED_EDGE ( 'NONE', *, *, #2823, .F. ) ;
#227 = FACE_OUTER_BOUND ( 'NONE', #2052, .T. ) ;
#229 = PLANE ( 'NONE',  #236 ) ;
#230 = ORIENTED_EDGE ( 'NONE', *, *, #2377, .F. ) ;
#231 = LINE ( 'NONE', #2783, #25 ) ;
#232 = VECTOR ( 'NONE', #2935, 1000.000000000000000 ) ;
#233 = ORIENTED_EDGE ( 'NONE', *, *, #1870, .F. ) ;
#234 = CARTESIAN_POINT ( 'NONE',  ( 7.865000000000000213, 0.000000000000000000, -12.44999999999999929 ) ) ;
#235 = ADVANCED_FACE ( 'NONE', ( #2437, #558 ), #1967, .T. ) ;
#236 = AXIS2_PLACEMENT_3D ( 'NONE', #1846, #1582, #1352 ) ;
#237 = ORIENTED_EDGE ( 'NONE', *, *, #1450, .T. ) ;
#238 = FACE_OUTER_BOUND ( 'NONE', #2191, .T. ) ;
#239 = DIRECTION ( 'NONE',  ( 0.000000000000000000, 0.000000000000000000, 1.000000000000000000 ) ) ;
#240 = PLANE ( 'NONE',  #2395 ) ;
#241 = CARTESIAN_POINT ( 'NONE',  ( 0.000000000000000000, 3.989999999999999769, 0.000000000000000000 ) ) ;
#242 = ADVANCED_FACE ( 'NONE', ( #1521 ), #118, .T. ) ;
#244 = ORIENTED_EDGE ( 'NONE', *, *, #1122, .F. ) ;
#243 = DIRECTION ( 'NONE',  ( 0.000000000000000000, 0.000000000000000000, 1.000000000000000000 ) ) ;
#245 = CARTESIAN_POINT ( 'NONE',  ( 7.865000000000000213, 0.000000000000000000, -1.899999999999999911 ) ) ;
#246 = FACE_OUTER_BOUND ( 'NONE', #2464, .T. ) ;
#247 = ORIENTED_EDGE ( 'NONE', *, *, #2304, .F. ) ;
#248 = DIRECTION ( 'NONE',  ( 0.000000000000000000, 0.000000000000000000, -1.000000000000000000 ) ) ;
#249 = DIRECTION ( 'NONE',  ( 1.000000000000000000, 0.000000000000000000, 0.000000000000000000 ) ) ;
#250 = DIRECTION ( 'NONE',  ( 0.000000000000000000, 0.000000000000000000, 1.000000000000000000 ) ) ;
#251 = CARTESIAN_POINT ( 'NONE',  ( -8.364999999999998437, 0.000000000000000000, -4.549999999999999822 ) ) ;
#252 = DIRECTION ( 'NONE',  ( -0.6449138389820909811, -0.7642552847637900104, 0.000000000000000000 ) ) ;
#253 = VECTOR ( 'NONE', #1459, 1000.000000000000000 ) ;
#254 = CARTESIAN_POINT ( 'NONE',  ( -7.865000000000000213, 0.2200000000000000011, -12.44999999999999929 ) ) ;
#255 = PLANE ( 'NONE',  #2226 ) ;
#256 = ORIENTED_EDGE ( 'NONE', *, *, #1850, .T. ) ;
#257 = DIRECTION ( 'NONE',  ( 0.000000000000000000, -1.000000000000000000, 0.000000000000000000 ) ) ;
#258 = EDGE_CURVE ( 'NONE', #1298, #811, #846, .T. ) ;
#259 = VERTEX_POINT ( 'NONE', #359 ) ;
#260 = ADVANCED_FACE ( 'NONE', ( #138 ), #1288, .T. ) ;
#261 = CARTESIAN_POINT ( 'NONE',  ( 0.000000000000000000, 11.39000000000000057, -20.60999999999999943 ) ) ;
#262 = DIRECTION ( 'NONE',  ( 0.000000000000000000, 0.000000000000000000, 1.000000000000000000 ) ) ;
#263 = VECTOR ( 'NONE', #1621, 1000.000000000000000 ) ;
#264 = LINE ( 'NONE', #974, #214 ) ;
#265 = PRESENTATION_LAYER_ASSIGNMENT (  '', '', ( #2885 ) ) ;
#266 = CARTESIAN_POINT ( 'NONE',  ( 7.865000000000000213, 0.000000000000000000, -18.80000000000000071 ) ) ;
#267 = EDGE_CURVE ( 'NONE', #1110, #2265, #1721, .T. ) ;
#268 = VECTOR ( 'NONE', #1998, 1000.000000000000000 ) ;
#270 = EDGE_LOOP ( 'NONE', ( #2748, #104, #1477, #2613 ) ) ;
#269 = LINE ( 'NONE', #711, #1386 ) ;
#271 = CARTESIAN_POINT ( 'NONE',  ( -3.801213018315060754, 8.139999999999998792, 3.000000000000000000 ) ) ;
#272 = AXIS2_PLACEMENT_3D ( 'NONE', #703, #239, #486 ) ;
#273 = VERTEX_POINT ( 'NONE', #2008 ) ;
#274 = CARTESIAN_POINT ( 'NONE',  ( 0.000000000000000000, 8.139999999999998792, -0.7384265961928611066 ) ) ;
#275 = VERTEX_POINT ( 'NONE', #574 ) ;
#276 = CARTESIAN_POINT ( 'NONE',  ( -7.865000000000000213, -3.449999999999999734, -16.69999999999999929 ) ) ;
#277 = EDGE_CURVE ( 'NONE', #567, #977, #1269, .T. ) ;
#278 = DIRECTION ( 'NONE',  ( 0.000000000000000000, 0.000000000000000000, 1.000000000000000000 ) ) ;
#279 = EDGE_CURVE ( 'NONE', #56, #857, #1983, .T. ) ;
#280 = VECTOR ( 'NONE', #2463, 1000.000000000000000 ) ;
#281 = CARTESIAN_POINT ( 'NONE',  ( 6.806468129806999556, 13.55838799068000000, -20.60999999999999943 ) ) ;
#282 = EDGE_CURVE ( 'NONE', #1606, #2198, #2197, .T. ) ;
#283 = VECTOR ( 'NONE', #1438, 1000.000000000000000 ) ;
#284 = DIRECTION ( 'NONE',  ( 0.000000000000000000, 0.000000000000000000, 1.000000000000000000 ) ) ;
#285 = PRODUCT_DEFINITION_SHAPE ( 'NONE', 'NONE',  #3017 ) ;
#286 = ORIENTED_EDGE ( 'NONE', *, *, #1428, .T. ) ;
#287 = LINE ( 'NONE', #490, #850 ) ;
#288 = DIRECTION ( 'NONE',  ( 0.000000000000000000, 0.000000000000000000, 1.000000000000000000 ) ) ;
#289 = ORIENTED_EDGE ( 'NONE', *, *, #2340, .F. ) ;
#290 = CARTESIAN_POINT ( 'NONE',  ( 8.364999999999998437, 0.000000000000000000, -17.25000000000000000 ) ) ;
#291 = CARTESIAN_POINT ( 'NONE',  ( -8.364999999999998437, 0.2200000000000000011, -14.59999999999999964 ) ) ;
#292 = DIRECTION ( 'NONE',  ( 0.000000000000000000, 0.000000000000000000, 1.000000000000000000 ) ) ;
#293 = ORIENTED_EDGE ( 'NONE', *, *, #2625, .T. ) ;
#294 = EDGE_CURVE ( 'NONE', #210, #815, #2184, .T. ) ;
#295 = LINE ( 'NONE', #534, #1924 ) ;
#296 = CARTESIAN_POINT ( 'NONE',  ( -7.865000000000000213, 0.2200000000000000011, -12.44999999999999929 ) ) ;
#297 = ORIENTED_EDGE ( 'NONE', *, *, #1696, .T. ) ;
#298 = CARTESIAN_POINT ( 'NONE',  ( 8.364999999999998437, 0.000000000000000000, -18.80000000000000071 ) ) ;
#299 = EDGE_LOOP ( 'NONE', ( #1730, #2116, #1299 ) ) ;
#300 = CARTESIAN_POINT ( 'NONE',  ( -3.801213018315060754, 8.139999999999998792, -0.7384265961928611066 ) ) ;
#301 = APPLICATION_CONTEXT ( 'automotive_design' ) ;
#302 = CARTESIAN_POINT ( 'NONE',  ( 8.364999999999998437, 0.000000000000000000, -14.59999999999999964 ) ) ;
#303 = DIRECTION ( 'NONE',  ( 0.000000000000000000, -1.000000000000000000, 0.000000000000000000 ) ) ;
#304 = CYLINDRICAL_SURFACE ( 'NONE', #1717, 1.300000000000000711 ) ;
#305 = ORIENTED_EDGE ( 'NONE', *, *, #777, .F. ) ;
#306 = CARTESIAN_POINT ( 'NONE',  ( -10.92006769424999924, -3.449999999999999734, -10.34999999999999964 ) ) ;
#307 = ORIENTED_EDGE ( 'NONE', *, *, #551, .F. ) ;
#308 = CARTESIAN_POINT ( 'NONE',  ( -7.865000000000000213, 0.2200000000000000011, -1.899999999999999911 ) ) ;
#309 = EDGE_CURVE ( 'NONE', #889, #448, #1917, .T. ) ;
#310 = AXIS2_PLACEMENT_3D ( 'NONE', #523, #1974, #2442 ) ;
#311 = ORIENTED_EDGE ( 'NONE', *, *, #566, .F. ) ;
#312 = CARTESIAN_POINT ( 'NONE',  ( -7.865000000000000213, 0.2200000000000000011, -8.250000000000000000 ) ) ;
#313 = AXIS2_PLACEMENT_3D ( 'NONE', #2999, #433, #732 ) ;
#314 = ORIENTED_EDGE ( 'NONE', *, *, #2919, .F. ) ;
#315 = CARTESIAN_POINT ( 'NONE',  ( -7.865000000000000213, 0.000000000000000000, -8.250000000000000000 ) ) ;
#316 = EDGE_CURVE ( 'NONE', #636, #2314, #1964, .T. ) ;
#317 = DIRECTION ( 'NONE',  ( 0.000000000000000000, 0.000000000000000000, -1.000000000000000000 ) ) ;
#318 = CARTESIAN_POINT ( 'NONE',  ( 9.099999999999999645, 0.2200000000000000011, 0.000000000000000000 ) ) ;
#319 = ORIENTED_EDGE ( 'NONE', *, *, #2476, .F. ) ;
#320 = DIRECTION ( 'NONE',  ( 0.000000000000000000, 0.000000000000000000, -1.000000000000000000 ) ) ;
#321 = ORIENTED_EDGE ( 'NONE', *, *, #2904, .T. ) ;
#322 = VECTOR ( 'NONE', #421, 1000.000000000000000 ) ;
#323 = DIRECTION ( 'NONE',  ( -0.000000000000000000, 1.000000000000000000, 0.000000000000000000 ) ) ;
#324 = ADVANCED_FACE ( 'NONE', ( #590 ), #607, .T. ) ;
#325 = ORIENTED_EDGE ( 'NONE', *, *, #907, .F. ) ;
#326 = DIRECTION ( 'NONE',  ( 0.000000000000000000, 1.000000000000000000, 0.000000000000000000 ) ) ;
#327 = ORIENTED_EDGE ( 'NONE', *, *, #267, .F. ) ;
#328 = FACE_OUTER_BOUND ( 'NONE', #1142, .T. ) ;
#329 = CARTESIAN_POINT ( 'NONE',  ( -8.364999999999998437, 0.000000000000000000, -18.80000000000000071 ) ) ;
#330 = SURFACE_STYLE_USAGE ( .BOTH. , #2436 ) ;
#331 = CARTESIAN_POINT ( 'NONE',  ( -7.530000000000000249, 8.139999999999998792, 0.000000000000000000 ) ) ;
#332 = VERTEX_POINT ( 'NONE', #1767 ) ;
#333 = DIRECTION ( 'NONE',  ( 0.000000000000000000, -1.000000000000000000, 0.000000000000000000 ) ) ;
#334 = DIRECTION ( 'NONE',  ( 0.000000000000000000, -1.000000000000000000, 0.000000000000000000 ) ) ;
#335 = CARTESIAN_POINT ( 'NONE',  ( 8.364999999999998437, 0.000000000000000000, -12.44999999999999929 ) ) ;
#336 = ORIENTED_EDGE ( 'NONE', *, *, #907, .T. ) ;
#337 = LINE ( 'NONE', #2887, #232 ) ;
#338 = ORIENTED_EDGE ( 'NONE', *, *, #915, .F. ) ;
#339 = DIRECTION ( 'NONE',  ( 0.000000000000000000, 0.000000000000000000, 1.000000000000000000 ) ) ;
#340 = EDGE_CURVE ( 'NONE', #2273, #1713, #1706, .T. ) ;
#341 = CARTESIAN_POINT ( 'NONE',  ( -9.099999999999999645, 8.139999999999998792, 0.000000000000000000 ) ) ;
#342 = EDGE_CURVE ( 'NONE', #2353, #1895, #1240, .T. ) ;
#343 = CARTESIAN_POINT ( 'NONE',  ( 0.000000000000000000, 8.139999999999998792, 0.000000000000000000 ) ) ;
#344 = DIRECTION ( 'NONE',  ( -1.000000000000000000, 0.000000000000000000, 0.000000000000000000 ) ) ;
#345 = VERTEX_POINT ( 'NONE', #153 ) ;
#346 = CARTESIAN_POINT ( 'NONE',  ( -8.364999999999998437, 0.000000000000000000, -6.100000000000000533 ) ) ;
#347 = PRESENTATION_STYLE_ASSIGNMENT (( #2154 ) ) ;
#348 = ORIENTED_EDGE ( 'NONE', *, *, #1428, .F. ) ;
#349 = DIRECTION ( 'NONE',  ( 0.000000000000000000, -1.000000000000000000, 0.000000000000000000 ) ) ;
#350 = AXIS2_PLACEMENT_3D ( 'NONE', #2286, #1853, #2042 ) ;
#351 = VECTOR ( 'NONE', #826, 1000.000000000000000 ) ;
#352 = ORIENTED_EDGE ( 'NONE', *, *, #2763, .T. ) ;
#353 = LINE ( 'NONE', #2657, #2705 ) ;
#354 = ORIENTED_EDGE ( 'NONE', *, *, #2025, .F. ) ;
#355 = DIRECTION ( 'NONE',  ( 0.000000000000000000, 1.000000000000000000, 0.000000000000000000 ) ) ;
#356 = AXIS2_PLACEMENT_3D ( 'NONE', #2612, #2426, #333 ) ;
#357 = DIRECTION ( 'NONE',  ( 0.000000000000000000, -1.000000000000000000, -2.422304781000000181E-14 ) ) ;
#358 = FILL_AREA_STYLE ('',( #1738 ) ) ;
#359 = CARTESIAN_POINT ( 'NONE',  ( -3.250000000000000000, 8.139999999999998792, -20.60999999999999943 ) ) ;
#360 = EDGE_CURVE ( 'NONE', #623, #1298, #1072, .T. ) ;
#361 = VECTOR ( 'NONE', #626, 1000.000000000000000 ) ;
#362 = EDGE_CURVE ( 'NONE', #2003, #484, #1339, .T. ) ;
#363 = ORIENTED_EDGE ( 'NONE', *, *, #1645, .F. ) ;
#364 = CARTESIAN_POINT ( 'NONE',  ( -10.92006769424999924, -3.449999999999999734, -3.449999999999999734 ) ) ;
#365 = FILL_AREA_STYLE_COLOUR ( '', #1643 ) ;
#366 = VERTEX_POINT ( 'NONE', #2058 ) ;
#367 = EDGE_CURVE ( 'NONE', #1713, #619, #2298, .T. ) ;
#368 = AXIS2_PLACEMENT_3D ( 'NONE', #196, #1114, #2384 ) ;
#369 = CARTESIAN_POINT ( 'NONE',  ( 3.801213018315060754, 8.139999999999998792, -21.92590392197771365 ) ) ;
#370 = AXIS2_PLACEMENT_3D ( 'NONE', #450, #2312, #2973 ) ;
#371 = AXIS2_PLACEMENT_3D ( 'NONE', #2582, #250, #2098 ) ;
#372 = ORIENTED_EDGE ( 'NONE', *, *, #1655, .F. ) ;
#373 = CARTESIAN_POINT ( 'NONE',  ( 8.364999999999998437, 0.000000000000000000, -10.90000000000000036 ) ) ;
#374 = ORIENTED_EDGE ( 'NONE', *, *, #2359, .F. ) ;
#375 = DIRECTION ( 'NONE',  ( 1.000000000000000000, 0.000000000000000000, 0.000000000000000000 ) ) ;
#376 = ORIENTED_EDGE ( 'NONE', *, *, #1497, .F. ) ;
#377 = DIRECTION ( 'NONE',  ( 1.000000000000000000, 0.000000000000000000, 0.000000000000000000 ) ) ;
#378 = ORIENTED_EDGE ( 'NONE', *, *, #1186, .F. ) ;
#379 = DIRECTION ( 'NONE',  ( 0.000000000000000000, 0.000000000000000000, 1.000000000000000000 ) ) ;
#380 = EDGE_LOOP ( 'NONE', ( #87, #1023, #2703, #411, #169, #1474, #363, #1690 ) ) ;
#381 = PLANE ( 'NONE',  #1283 ) ;
#382 = SURFACE_STYLE_FILL_AREA ( #2216 ) ;
#383 = DIRECTION ( 'NONE',  ( 0.000000000000000000, -1.000000000000000000, 0.000000000000000000 ) ) ;
#384 = ADVANCED_FACE ( 'NONE', ( #1116 ), #2256, .T. ) ;
#385 = ADVANCED_FACE ( 'NONE', ( #2501 ), #1372, .T. ) ;
#386 = VERTEX_POINT ( 'NONE', #2721 ) ;
#387 = LINE ( 'NONE', #1067, #1737 ) ;
#388 = EDGE_LOOP ( 'NONE', ( #2933, #2000, #1073, #319, #2503, #244, #1457, #2868 ) ) ;
#389 = DIRECTION ( 'NONE',  ( 0.000000000000000000, 1.000000000000000000, 0.000000000000000000 ) ) ;
#390 = CARTESIAN_POINT ( 'NONE',  ( 7.865000000000000213, 0.000000000000000000, -6.100000000000000533 ) ) ;
#391 = ORIENTED_EDGE ( 'NONE', *, *, #362, .F. ) ;
#392 = DIRECTION ( 'NONE',  ( 1.000000000000000000, 0.000000000000000000, 0.000000000000000000 ) ) ;
#393 = EDGE_LOOP ( 'NONE', ( #1810, #2385, #1673, #157 ) ) ;
#394 = CARTESIAN_POINT ( 'NONE',  ( -3.801213018315060754, 8.139999999999998792, -21.92590392197771365 ) ) ;
#395 = EDGE_CURVE ( 'NONE', #2708, #467, #170, .T. ) ;
#396 = CYLINDRICAL_SURFACE ( 'NONE', #1492, 3.250000000000000000 ) ;
#397 = LINE ( 'NONE', #1107, #1220 ) ;
#398 = DIRECTION ( 'NONE',  ( 0.000000000000000000, 0.000000000000000000, -1.000000000000000000 ) ) ;
#399 = CLOSED_SHELL ( 'NONE', ( #787, #88, #808, #2329, #733, #1637, #150, #1578, #2195, #2804 ) ) ;
#400 = EDGE_CURVE ( 'NONE', #275, #1874, #2884, .T. ) ;
#401 = VERTEX_POINT ( 'NONE', #429 ) ;
#402 = ADVANCED_FACE ( 'NONE', ( #652 ), #412, .T. ) ;
#403 = VECTOR ( 'NONE', #764, 1000.000000000000000 ) ;
#404 = LINE ( 'NONE', #1126, #1541 ) ;
#405 = ORIENTED_EDGE ( 'NONE', *, *, #1821, .F. ) ;
#406 = FACE_OUTER_BOUND ( 'NONE', #1124, .T. ) ;
#407 = AXIS2_PLACEMENT_3D ( 'NONE', #718, #2786, #8 ) ;
#408 = UNCERTAINTY_MEASURE_WITH_UNIT (LENGTH_MEASURE( 1.000000000000000082E-05 ), #996, 'distance_accuracy_value', 'NONE');
#409 = DIRECTION ( 'NONE',  ( 1.000000000000000000, 0.000000000000000000, 0.000000000000000000 ) ) ;
#410 = VECTOR ( 'NONE', #75, 1000.000000000000000 ) ;
#411 = ORIENTED_EDGE ( 'NONE', *, *, #184, .T. ) ;
#412 = CYLINDRICAL_SURFACE ( 'NONE', #2638, 3.801213018315060754 ) ;
#413 = VECTOR ( 'NONE', #1712, 1000.000000000000000 ) ;
#414 = ORIENTED_EDGE ( 'NONE', *, *, #422, .T. ) ;
#415 = CARTESIAN_POINT ( 'NONE',  ( -7.865000000000000213, 0.000000000000000000, -4.549999999999999822 ) ) ;
#416 = VECTOR ( 'NONE', #39, 1000.000000000000000 ) ;
#417 = FILL_AREA_STYLE_COLOUR ( '', #2444 ) ;
#418 = CARTESIAN_POINT ( 'NONE',  ( 7.865000000000000213, 0.000000000000000000, -1.899999999999999911 ) ) ;
#419 = ORIENTED_EDGE ( 'NONE', *, *, #2212, .T. ) ;
#420 = VECTOR ( 'NONE', #3007, 1000.000000000000000 ) ;
#421 = DIRECTION ( 'NONE',  ( 0.000000000000000000, -1.000000000000000000, 0.000000000000000000 ) ) ;
#422 = EDGE_CURVE ( 'NONE', #1483, #2317, #1359, .T. ) ;
#423 = ORIENTED_EDGE ( 'NONE', *, *, #1292, .F. ) ;
#424 = DIRECTION ( 'NONE',  ( 0.000000000000000000, 0.000000000000000000, 1.000000000000000000 ) ) ;
#425 = AXIS2_PLACEMENT_3D ( 'NONE', #866, #3003, #1860 ) ;
#426 = DIRECTION ( 'NONE',  ( 0.000000000000000000, 1.000000000000000000, 0.000000000000000000 ) ) ;
#427 = PRESENTATION_LAYER_ASSIGNMENT (  '', '', ( #2178 ) ) ;
#428 = ORIENTED_EDGE ( 'NONE', *, *, #2377, .T. ) ;
#429 = CARTESIAN_POINT ( 'NONE',  ( -4.349999999999999645, 3.924999999999999822, -23.52999999999999758 ) ) ;
#430 = EDGE_LOOP ( 'NONE', ( #194, #1815 ) ) ;
#431 = DIRECTION ( 'NONE',  ( 0.000000000000000000, 0.000000000000000000, 1.000000000000000000 ) ) ;
#432 = DIRECTION ( 'NONE',  ( 1.000000000000000000, 0.000000000000000000, 0.000000000000000000 ) ) ;
#433 = DIRECTION ( 'NONE',  ( -0.000000000000000000, 1.000000000000000000, 0.000000000000000000 ) ) ;
#434 = ORIENTED_EDGE ( 'NONE', *, *, #1426, .T. ) ;
#435 = ORIENTED_EDGE ( 'NONE', *, *, #2514, .T. ) ;
#436 = CARTESIAN_POINT ( 'NONE',  ( 7.799999999999999822, 12.72000000000000064, -20.60999999999999943 ) ) ;
#437 = ORIENTED_EDGE ( 'NONE', *, *, #2212, .F. ) ;
#438 = PLANE ( 'NONE',  #2941 ) ;
#439 = CARTESIAN_POINT ( 'NONE',  ( 7.865000000000000213, 0.000000000000000000, -12.44999999999999929 ) ) ;
#440 = ORIENTED_EDGE ( 'NONE', *, *, #1147, .T. ) ;
#441 = DIRECTION ( 'NONE',  ( 1.000000000000000000, 0.000000000000000000, 0.000000000000000000 ) ) ;
#442 = ORIENTED_EDGE ( 'NONE', *, *, #2096, .F. ) ;
#443 = CARTESIAN_POINT ( 'NONE',  ( -8.364999999999998437, -3.449999999999999734, -10.34999999999999964 ) ) ;
#444 = EDGE_CURVE ( 'NONE', #2945, #484, #919, .T. ) ;
#445 = DIRECTION ( 'NONE',  ( 0.000000000000000000, 0.000000000000000000, 1.000000000000000000 ) ) ;
#446 = DIRECTION ( 'NONE',  ( 0.000000000000000000, -1.000000000000000000, 0.000000000000000000 ) ) ;
#447 = FACE_OUTER_BOUND ( 'NONE', #1827, .T. ) ;
#448 = VERTEX_POINT ( 'NONE', #687 ) ;
#449 = FACE_OUTER_BOUND ( 'NONE', #841, .T. ) ;
#450 = CARTESIAN_POINT ( 'NONE',  ( -10.92006769424999924, 0.000000000000000000, -17.25000000000000000 ) ) ;
#451 = MECHANICAL_DESIGN_GEOMETRIC_PRESENTATION_REPRESENTATION (  '', ( #209 ), #790 ) ;
#452 = ORIENTED_EDGE ( 'NONE', *, *, #2249, .F. ) ;
#453 = CARTESIAN_POINT ( 'NONE',  ( -8.364999999999998437, 0.000000000000000000, -17.25000000000000000 ) ) ;
#454 = CARTESIAN_POINT ( 'NONE',  ( 8.364999999999998437, 0.000000000000000000, -14.59999999999999964 ) ) ;
#455 = VECTOR ( 'NONE', #2242, 1000.000000000000000 ) ;
#456 = ORIENTED_EDGE ( 'NONE', *, *, #978, .F. ) ;
#457 = LINE ( 'NONE', #1799, #2939 ) ;
#458 = AXIS2_PLACEMENT_3D ( 'NONE', #603, #339, #2162 ) ;
#459 = CARTESIAN_POINT ( 'NONE',  ( -7.865000000000000213, 0.000000000000000000, -17.25000000000000000 ) ) ;
#460 = SHAPE_REPRESENTATION_RELATIONSHIP ( 'NONE' , 'NONE' ,  #2420, #761 ) ;
#461 = APPLICATION_CONTEXT ( 'automotive_design' ) ;
#462 = FACE_OUTER_BOUND ( 'NONE', #2782, .T. ) ;
#463 = AXIS2_PLACEMENT_3D ( 'NONE', #692, #2349, #2598 ) ;
#464 = CARTESIAN_POINT ( 'NONE',  ( -8.364999999999998437, 0.000000000000000000, -12.44999999999999929 ) ) ;
#465 = VECTOR ( 'NONE', #1291, 1000.000000000000000 ) ;
#467 = VERTEX_POINT ( 'NONE', #2518 ) ;
#466 = PLANE ( 'NONE',  #1675 ) ;
#468 = DIRECTION ( 'NONE',  ( 0.000000000000000000, 0.000000000000000000, -1.000000000000000000 ) ) ;
#469 = VERTEX_POINT ( 'NONE', #2028 ) ;
#470 = VECTOR ( 'NONE', #1337, 1000.000000000000000 ) ;
#471 = DIRECTION ( 'NONE',  ( 0.000000000000000000, 0.000000000000000000, -1.000000000000000000 ) ) ;
#472 = VECTOR ( 'NONE', #1421, 1000.000000000000000 ) ;
#473 = ORIENTED_EDGE ( 'NONE', *, *, #2881, .T. ) ;
#474 = DIRECTION ( 'NONE',  ( 0.000000000000000000, -1.000000000000000000, 0.000000000000000000 ) ) ;
#475 = SURFACE_STYLE_FILL_AREA ( #1635 ) ;
#476 = DIRECTION ( 'NONE',  ( 1.000000000000000000, -1.783631769653394122E-17, 1.665334536937734811E-16 ) ) ;
#477 = CARTESIAN_POINT ( 'NONE',  ( -7.865000000000000213, 0.2200000000000000011, -12.44999999999999929 ) ) ;
#478 = DIRECTION ( 'NONE',  ( -0.000000000000000000, 1.000000000000000000, 0.000000000000000000 ) ) ;
#480 = VERTEX_POINT ( 'NONE', #2534 ) ;
#479 = PLANE ( 'NONE',  #69 ) ;
#481 = LINE ( 'NONE', #1202, #283 ) ;
#482 = EDGE_CURVE ( 'NONE', #2314, #636, #2348, .T. ) ;
#483 = CARTESIAN_POINT ( 'NONE',  ( -7.865000000000000213, -3.449999999999999734, -4.549999999999999822 ) ) ;
#484 = VERTEX_POINT ( 'NONE', #198 ) ;
#485 = DIRECTION ( 'NONE',  ( 0.000000000000000000, 1.000000000000000000, 0.000000000000000000 ) ) ;
#486 = DIRECTION ( 'NONE',  ( 0.000000000000000000, 1.000000000000000000, 0.000000000000000000 ) ) ;
#487 = APPLICATION_PROTOCOL_DEFINITION ( 'draft international standard', 'automotive_design', 1998, #461 ) ;
#488 = PLANE ( 'NONE',  #1875 ) ;
#489 = DIRECTION ( 'NONE',  ( 1.000000000000000000, 0.000000000000000000, 0.000000000000000000 ) ) ;
#491 = VERTEX_POINT ( 'NONE', #1553 ) ;
#490 = CARTESIAN_POINT ( 'NONE',  ( 8.364999999999998437, 0.000000000000000000, -10.90000000000000036 ) ) ;
#492 = EDGE_CURVE ( 'NONE', #857, #2991, #457, .T. ) ;
#493 = EDGE_CURVE ( 'NONE', #187, #2543, #2318, .T. ) ;
#494 = ORIENTED_EDGE ( 'NONE', *, *, #767, .F. ) ;
#495 = UNCERTAINTY_MEASURE_WITH_UNIT (LENGTH_MEASURE( 1.000000000000000082E-05 ), #2489, 'distance_accuracy_value', 'NONE');
#496 = DIRECTION ( 'NONE',  ( 0.000000000000000000, -1.000000000000000000, 0.000000000000000000 ) ) ;
#497 = ADVANCED_FACE ( 'NONE', ( #238 ), #1153, .F. ) ;
#498 = VERTEX_POINT ( 'NONE', #1319 ) ;
#499 = CARTESIAN_POINT ( 'NONE',  ( 7.865000000000000213, 0.000000000000000000, -4.549999999999999822 ) ) ;
#500 = CYLINDRICAL_SURFACE ( 'NONE', #2365, 0.5499999999999983791 ) ;
#501 = AXIS2_PLACEMENT_3D ( 'NONE', #35, #1678, #720 ) ;
#502 = FACE_BOUND ( 'NONE', #599, .T. ) ;
#503 = AXIS2_PLACEMENT_3D ( 'NONE', #2567, #17, #474 ) ;
#504 = CYLINDRICAL_SURFACE ( 'NONE', #356, 4.150000000000000355 ) ;
#505 = AXIS2_PLACEMENT_3D ( 'NONE', #507, #1437, #2366 ) ;
#506 = VECTOR ( 'NONE', #748, 1000.000000000000000 ) ;
#508 = ORIENTED_EDGE ( 'NONE', *, *, #1271, .T. ) ;
#507 = CARTESIAN_POINT ( 'NONE',  ( 0.000000000000000000, 8.139999999999998792, 0.000000000000000000 ) ) ;
#509 = CARTESIAN_POINT ( 'NONE',  ( 7.865000000000000213, 0.000000000000000000, -10.90000000000000036 ) ) ;
#510 = AXIS2_PLACEMENT_3D ( 'NONE', #2741, #1154, #9 ) ;
#511 = VERTEX_POINT ( 'NONE', #186 ) ;
#512 = DIRECTION ( 'NONE',  ( 0.000000000000000000, 1.000000000000000000, 0.000000000000000000 ) ) ;
#513 = ORIENTED_EDGE ( 'NONE', *, *, #566, .T. ) ;
#514 = DIRECTION ( 'NONE',  ( 0.000000000000000000, 0.000000000000000000, -1.000000000000000000 ) ) ;
#515 = VECTOR ( 'NONE', #2370, 1000.000000000000000 ) ;
#516 = ADVANCED_FACE ( 'NONE', ( #2979 ), #699, .T. ) ;
#517 = LINE ( 'NONE', #1447, #2494 ) ;
#518 = SURFACE_SIDE_STYLE ('',( #1392 ) ) ;
#519 = VECTOR ( 'NONE', #1693, 1000.000000000000000 ) ;
#520 = DIRECTION ( 'NONE',  ( 0.000000000000000000, 1.000000000000000000, 0.000000000000000000 ) ) ;
#521 = DIRECTION ( 'NONE',  ( 0.000000000000000000, 0.000000000000000000, -1.000000000000000000 ) ) ;
#522 = ORIENTED_EDGE ( 'NONE', *, *, #1462, .F. ) ;
#523 = CARTESIAN_POINT ( 'NONE',  ( -10.92006769424999924, -3.449999999999999734, -3.449999999999999734 ) ) ;
#524 = DIRECTION ( 'NONE',  ( 0.000000000000000000, 0.000000000000000000, -1.000000000000000000 ) ) ;
#525 = ORIENTED_EDGE ( 'NONE', *, *, #575, .F. ) ;
#526 = PLANE ( 'NONE',  #2654 ) ;
#527 = ORIENTED_EDGE ( 'NONE', *, *, #949, .T. ) ;
#528 = CARTESIAN_POINT ( 'NONE',  ( -8.364999999999998437, 0.000000000000000000, -3.449999999999999734 ) ) ;
#529 = CARTESIAN_POINT ( 'NONE',  ( -8.364999999999998437, 0.000000000000000000, -10.90000000000000036 ) ) ;
#530 = CARTESIAN_POINT ( 'NONE',  ( -7.865000000000000213, -3.449999999999999734, -10.90000000000000036 ) ) ;
#531 = EDGE_CURVE ( 'NONE', #2858, #1628, #2607, .T. ) ;
#532 = CYLINDRICAL_SURFACE ( 'NONE', #174, 0.5500000000000001554 ) ;
#533 = ORIENTED_EDGE ( 'NONE', *, *, #2455, .F. ) ;
#534 = CARTESIAN_POINT ( 'NONE',  ( -4.349999999999999645, 3.924999999999999822, -20.60999999999999943 ) ) ;
#535 = EDGE_CURVE ( 'NONE', #1171, #2758, #1923, .T. ) ;
#536 = ORIENTED_EDGE ( 'NONE', *, *, #1265, .F. ) ;
#537 = FACE_OUTER_BOUND ( 'NONE', #388, .T. ) ;
#538 = ORIENTED_EDGE ( 'NONE', *, *, #2881, .F. ) ;
#539 = CARTESIAN_POINT ( 'NONE',  ( -10.92006769424999924, 0.000000000000000000, -18.80000000000000071 ) ) ;
#540 = CIRCLE ( 'NONE', #2877, 3.801213018315060754 ) ;
#541 = LINE ( 'NONE', #556, #1166 ) ;
#542 = DIRECTION ( 'NONE',  ( 0.000000000000000000, -1.000000000000000000, 0.000000000000000000 ) ) ;
#543 = DIRECTION ( 'NONE',  ( 0.000000000000000000, 0.000000000000000000, -1.000000000000000000 ) ) ;
#544 = ORIENTED_EDGE ( 'NONE', *, *, #125, .F. ) ;
#545 = DIRECTION ( 'NONE',  ( 0.000000000000000000, -1.000000000000000000, 0.000000000000000000 ) ) ;
#546 = EDGE_LOOP ( 'NONE', ( #1564, #1290, #405, #2629 ) ) ;
#547 = VECTOR ( 'NONE', #1255, 1000.000000000000000 ) ;
#548 = LINE ( 'NONE', #995, #171 ) ;
#549 = EDGE_CURVE ( 'NONE', #469, #1261, #1633, .T. ) ;
#550 = ORIENTED_EDGE ( 'NONE', *, *, #2182, .T. ) ;
#551 = EDGE_CURVE ( 'NONE', #1743, #1984, #971, .T. ) ;
#552 = DIRECTION ( 'NONE',  ( 0.000000000000000000, 0.000000000000000000, -1.000000000000000000 ) ) ;
#553 = VECTOR ( 'NONE', #1571, 1000.000000000000000 ) ;
#554 = VERTEX_POINT ( 'NONE', #2372 ) ;
#555 = CARTESIAN_POINT ( 'NONE',  ( 4.349999999999999645, 3.924999999999999822, -23.52999999999999758 ) ) ;
#556 = CARTESIAN_POINT ( 'NONE',  ( 7.865000000000000213, -3.449999999999999734, -10.90000000000000036 ) ) ;
#557 = EDGE_CURVE ( 'NONE', #1956, #386, #2350, .T. ) ;
#558 = FACE_BOUND ( 'NONE', #430, .T. ) ;
#559 = VECTOR ( 'NONE', #1602, 1000.000000000000000 ) ;
#560 = EDGE_LOOP ( 'NONE', ( #695, #2287 ) ) ;
#561 = FACE_BOUND ( 'NONE', #970, .T. ) ;
#562 = ORIENTED_EDGE ( 'NONE', *, *, #1516, .T. ) ;
#563 = CONICAL_SURFACE ( 'NONE', #2519, 3.801213018315060754, 1.189647220726412158 ) ;
#564 = PLANE ( 'NONE',  #112 ) ;
#565 =( GEOMETRIC_REPRESENTATION_CONTEXT ( 3 ) GLOBAL_UNCERTAINTY_ASSIGNED_CONTEXT ( ( #1878 ) ) GLOBAL_UNIT_ASSIGNED_CONTEXT ( ( #1663, #2360, #921 ) ) REPRESENTATION_CONTEXT ( 'NONE', 'WORKASPACE' ) );
#566 = EDGE_CURVE ( 'NONE', #30, #273, #985, .T. ) ;
#567 = VERTEX_POINT ( 'NONE', #261 ) ;
#568 = EDGE_CURVE ( 'NONE', #1011, #366, #1672, .T. ) ;
#569 = DIRECTION ( 'NONE',  ( 0.000000000000000000, 0.000000000000000000, -1.000000000000000000 ) ) ;
#570 = VERTEX_POINT ( 'NONE', #2801 ) ;
#571 = DIRECTION ( 'NONE',  ( 0.000000000000000000, 0.000000000000000000, -1.000000000000000000 ) ) ;
#572 = CARTESIAN_POINT ( 'NONE',  ( 8.364999999999998437, 0.2200000000000000011, -8.250000000000000000 ) ) ;
#573 =( NAMED_UNIT ( * ) PLANE_ANGLE_UNIT ( ) SI_UNIT ( $, .RADIAN. ) );
#574 = CARTESIAN_POINT ( 'NONE',  ( -3.801213018315060754, 8.139999999999998792, -21.92590392197771365 ) ) ;
#575 = EDGE_CURVE ( 'NONE', #681, #401, #759, .T. ) ;
#576 = ORIENTED_EDGE ( 'NONE', *, *, #1161, .F. ) ;
#577 = DIRECTION ( 'NONE',  ( 1.000000000000000000, 0.000000000000000000, 0.000000000000000000 ) ) ;
#578 = SURFACE_STYLE_FILL_AREA ( #1742 ) ;
#579 = ORIENTED_EDGE ( 'NONE', *, *, #367, .F. ) ;
#580 = CARTESIAN_POINT ( 'NONE',  ( -10.92006769424999924, 0.000000000000000000, -12.44999999999999929 ) ) ;
#581 = ORIENTED_EDGE ( 'NONE', *, *, #1250, .F. ) ;
#582 = LINE ( 'NONE', #1512, #819 ) ;
#583 = EDGE_CURVE ( 'NONE', #2577, #2722, #67, .T. ) ;
#584 = CIRCLE ( 'NONE', #2246, 3.250000000000000000 ) ;
#585 = EDGE_LOOP ( 'NONE', ( #2876, #2356, #1164, #1829 ) ) ;
#586 = ADVANCED_FACE ( 'NONE', ( #1444 ), #1898, .T. ) ;
#587 = DIRECTION ( 'NONE',  ( 1.000000000000000000, 0.000000000000000000, 0.000000000000000000 ) ) ;
#588 = VERTEX_POINT ( 'NONE', #1165 ) ;
#589 = CARTESIAN_POINT ( 'NONE',  ( 8.364999999999998437, 0.2200000000000000011, -14.59999999999999964 ) ) ;
#590 = FACE_OUTER_BOUND ( 'NONE', #2674, .T. ) ;
#591 = ORIENTED_EDGE ( 'NONE', *, *, #2746, .F. ) ;
#592 = DIRECTION ( 'NONE',  ( 1.000000000000000000, 0.000000000000000000, 0.000000000000000000 ) ) ;
#593 = CYLINDRICAL_SURFACE ( 'NONE', #716, 0.5500000000000001554 ) ;
#594 = CARTESIAN_POINT ( 'NONE',  ( 7.865000000000000213, -3.449999999999999734, -4.000000000000000000 ) ) ;
#595 = CLOSED_SHELL ( 'NONE', ( #2911, #627, #1725, #756, #2836, #1669, #2511, #132, #2271, #2692 ) ) ;
#596 = DIRECTION ( 'NONE',  ( 0.000000000000000000, -1.000000000000000000, 0.000000000000000000 ) ) ;
#597 = VECTOR ( 'NONE', #1784, 1000.000000000000000 ) ;
#598 = VECTOR ( 'NONE', #2095, 1000.000000000000000 ) ;
#599 = EDGE_LOOP ( 'NONE', ( #215, #1190 ) ) ;
#600 = DIRECTION ( 'NONE',  ( 0.000000000000000000, 1.000000000000000000, 0.000000000000000000 ) ) ;
#601 = AXIS2_PLACEMENT_3D ( 'NONE', #2166, #778, #243 ) ;
#602 = ORIENTED_EDGE ( 'NONE', *, *, #1481, .F. ) ;
#603 = CARTESIAN_POINT ( 'NONE',  ( 0.000000000000000000, 0.000000000000000000, 0.000000000000000000 ) ) ;
#604 = VECTOR ( 'NONE', #1326, 1000.000000000000000 ) ;
#605 = DIRECTION ( 'NONE',  ( 1.000000000000000000, 0.000000000000000000, 0.000000000000000000 ) ) ;
#606 = PLANE ( 'NONE',  #601 ) ;
#607 = PLANE ( 'NONE',  #2448 ) ;
#608 = ORIENTED_EDGE ( 'NONE', *, *, #3002, .F. ) ;
#609 = DIRECTION ( 'NONE',  ( -1.000000000000000000, 0.000000000000000000, 0.000000000000000000 ) ) ;
#610 = ADVANCED_FACE ( 'NONE', ( #1908 ), #2386, .F. ) ;
#611 = SURFACE_SIDE_STYLE ('',( #1556 ) ) ;
#612 = ORIENTED_EDGE ( 'NONE', *, *, #1331, .F. ) ;
#613 = VECTOR ( 'NONE', #426, 1000.000000000000000 ) ;
#614 = CARTESIAN_POINT ( 'NONE',  ( -8.364999999999998437, 0.000000000000000000, -8.250000000000000000 ) ) ;
#615 = PRESENTATION_LAYER_ASSIGNMENT (  '', '', ( #2175 ) ) ;
#616 = ORIENTED_EDGE ( 'NONE', *, *, #1150, .T. ) ;
#617 = CARTESIAN_POINT ( 'NONE',  ( 0.000000000000000000, 8.139999999999998792, -21.48361162512999911 ) ) ;
#618 = VERTEX_POINT ( 'NONE', #1882 ) ;
#619 = VERTEX_POINT ( 'NONE', #290 ) ;
#620 = DIRECTION ( 'NONE',  ( 1.000000000000000000, 0.000000000000000000, 0.000000000000000000 ) ) ;
#621 = UNCERTAINTY_MEASURE_WITH_UNIT (LENGTH_MEASURE( 1.000000000000000082E-05 ), #1239, 'distance_accuracy_value', 'NONE');
#622 = DIRECTION ( 'NONE',  ( 0.000000000000000000, 0.000000000000000000, 1.000000000000000000 ) ) ;
#623 = VERTEX_POINT ( 'NONE', #1177 ) ;
#624 = DIRECTION ( 'NONE',  ( 0.000000000000000000, 0.000000000000000000, -1.000000000000000000 ) ) ;
#625 = ORIENTED_EDGE ( 'NONE', *, *, #2636, .T. ) ;
#626 = DIRECTION ( 'NONE',  ( 0.000000000000000000, 0.000000000000000000, -1.000000000000000000 ) ) ;
#627 = ADVANCED_FACE ( 'NONE', ( #1660 ), #2815, .T. ) ;
#628 = CYLINDRICAL_SURFACE ( 'NONE', #2352, 5.700000000000000178 ) ;
#629 = VERTEX_POINT ( 'NONE', #2136 ) ;
#630 = CARTESIAN_POINT ( 'NONE',  ( 3.801213018315060754, 8.139999999999998792, 3.000000000000000000 ) ) ;
#631 = ORIENTED_EDGE ( 'NONE', *, *, #1147, .F. ) ;
#632 = DIRECTION ( 'NONE',  ( 0.000000000000000000, 1.000000000000000000, 0.000000000000000000 ) ) ;
#633 = CARTESIAN_POINT ( 'NONE',  ( 8.364999999999998437, 0.000000000000000000, -1.899999999999999911 ) ) ;
#634 = ORIENTED_EDGE ( 'NONE', *, *, #2030, .T. ) ;
#635 = DIRECTION ( 'NONE',  ( 0.000000000000000000, 0.000000000000000000, -1.000000000000000000 ) ) ;
#636 = VERTEX_POINT ( 'NONE', #300 ) ;
#637 = DIRECTION ( 'NONE',  ( 0.9843214110730050814, -0.1763841254287017712, 0.000000000000000000 ) ) ;
#638 = EDGE_CURVE ( 'NONE', #448, #275, #1867, .T. ) ;
#639 = FACE_OUTER_BOUND ( 'NONE', #1411, .T. ) ;
#640 = CLOSED_SHELL ( 'NONE', ( #1216, #497, #1355, #2163, #1694, #1887, #166, #688, #2302, #1231 ) ) ;
#641 = EDGE_CURVE ( 'NONE', #2991, #113, #1691, .T. ) ;
#642 = ORIENTED_EDGE ( 'NONE', *, *, #583, .T. ) ;
#643 = AXIS2_PLACEMENT_3D ( 'NONE', #1019, #1739, #1955 ) ;
#644 = CARTESIAN_POINT ( 'NONE',  ( -7.865000000000000213, 0.000000000000000000, -8.250000000000000000 ) ) ;
#645 = VERTEX_POINT ( 'NONE', #528 ) ;
#646 = DIRECTION ( 'NONE',  ( 0.000000000000000000, -1.000000000000000000, 0.000000000000000000 ) ) ;
#647 = VECTOR ( 'NONE', #1194, 1000.000000000000000 ) ;
#648 = ADVANCED_FACE ( 'NONE', ( #1458 ), #701, .F. ) ;
#649 = PLANE ( 'NONE',  #1046 ) ;
#650 = VECTOR ( 'NONE', #596, 1000.000000000000000 ) ;
#651 = ORIENTED_EDGE ( 'NONE', *, *, #2424, .F. ) ;
#652 = FACE_OUTER_BOUND ( 'NONE', #1807, .T. ) ;
#653 = VECTOR ( 'NONE', #1792, 1000.000000000000000 ) ;
#654 = EDGE_LOOP ( 'NONE', ( #877, #16, #579, #1777 ) ) ;
#655 = CARTESIAN_POINT ( 'NONE',  ( 7.865000000000000213, 0.2200000000000000011, -12.44999999999999929 ) ) ;
#656 = PRESENTATION_STYLE_ASSIGNMENT (( #1544 ) ) ;
#657 = AXIS2_PLACEMENT_3D ( 'NONE', #443, #2333, #262 ) ;
#658 = DIRECTION ( 'NONE',  ( 0.000000000000000000, -1.025063872168112953E-14, 1.000000000000000000 ) ) ;
#659 = LINE ( 'NONE', #126, #115 ) ;
#660 = ORIENTED_EDGE ( 'NONE', *, *, #1209, .T. ) ;
#661 = VECTOR ( 'NONE', #496, 1000.000000000000000 ) ;
#662 = CARTESIAN_POINT ( 'NONE',  ( -4.349999999999999645, 12.35500000000000043, -20.60999999999999943 ) ) ;
#663 = ADVANCED_FACE ( 'NONE', ( #946, #2924 ), #1056, .T. ) ;
#664 = ORIENTED_EDGE ( 'NONE', *, *, #932, .F. ) ;
#665 = DIRECTION ( 'NONE',  ( 0.000000000000000000, 0.000000000000000000, -1.000000000000000000 ) ) ;
#666 = MECHANICAL_DESIGN_GEOMETRIC_PRESENTATION_REPRESENTATION (  '', ( #2175 ), #1289 ) ;
#667 = EDGE_CURVE ( 'NONE', #1483, #1606, #1264, .T. ) ;
#668 = CARTESIAN_POINT ( 'NONE',  ( 3.801213018315060754, 8.139999999999998792, -0.7384265961928611066 ) ) ;
#669 = MECHANICAL_DESIGN_GEOMETRIC_PRESENTATION_REPRESENTATION (  '', ( #1350 ), #962 ) ;
#670 = ORIENTED_EDGE ( 'NONE', *, *, #1388, .F. ) ;
#671 = CARTESIAN_POINT ( 'NONE',  ( 7.865000000000000213, 0.000000000000000000, -17.25000000000000000 ) ) ;
#672 = ORIENTED_EDGE ( 'NONE', *, *, #1253, .T. ) ;
#673 = DIRECTION ( 'NONE',  ( 0.000000000000000000, -1.000000000000000000, 0.000000000000000000 ) ) ;
#674 =( NAMED_UNIT ( * ) SI_UNIT ( $, .STERADIAN. ) SOLID_ANGLE_UNIT ( ) );
#675 = EDGE_CURVE ( 'NONE', #2265, #1984, #1219, .T. ) ;
#676 = DIRECTION ( 'NONE',  ( 1.000000000000000000, 0.000000000000000000, 0.000000000000000000 ) ) ;
#677 = ORIENTED_EDGE ( 'NONE', *, *, #2289, .T. ) ;
#679 = EDGE_LOOP ( 'NONE', ( #2133, #634, #867, #2427 ) ) ;
#678 = CARTESIAN_POINT ( 'NONE',  ( 0.000000000000000000, 8.139999999999998792, -21.48361162512999911 ) ) ;
#680 = DIRECTION ( 'NONE',  ( 0.000000000000000000, -1.000000000000000000, 0.000000000000000000 ) ) ;
#681 = VERTEX_POINT ( 'NONE', #1026 ) ;
#682 = FACE_OUTER_BOUND ( 'NONE', #2151, .T. ) ;
#683 = ORIENTED_EDGE ( 'NONE', *, *, #316, .F. ) ;
#684 = EDGE_CURVE ( 'NONE', #210, #931, #2643, .T. ) ;
#685 = LINE ( 'NONE', #2549, #559 ) ;
#686 = ORIENTED_EDGE ( 'NONE', *, *, #294, .T. ) ;
#687 = CARTESIAN_POINT ( 'NONE',  ( -3.801213018315060754, 8.139999999999998792, -0.7384265961928611066 ) ) ;
#688 = ADVANCED_FACE ( 'NONE', ( #1043 ), #836, .T. ) ;
#689 = FACE_BOUND ( 'NONE', #1039, .T. ) ;
#690 = EDGE_CURVE ( 'NONE', #2858, #85, #1486, .T. ) ;
#691 = CARTESIAN_POINT ( 'NONE',  ( 3.250000000000000000, 8.139999999999998792, -20.60999999999999943 ) ) ;
#693 = ORIENTED_EDGE ( 'NONE', *, *, #2102, .F. ) ;
#692 = CARTESIAN_POINT ( 'NONE',  ( 4.349999999999999645, 3.924999999999999822, -23.52999999999999758 ) ) ;
#694 = CARTESIAN_POINT ( 'NONE',  ( 8.364999999999998437, -3.449999999999999734, -10.34999999999999964 ) ) ;
#695 = ORIENTED_EDGE ( 'NONE', *, *, #2121, .T. ) ;
#696 = LINE ( 'NONE', #453, #799 ) ;
#697 = VECTOR ( 'NONE', #2490, 1000.000000000000000 ) ;
#698 = CARTESIAN_POINT ( 'NONE',  ( -8.364999999999998437, 0.2200000000000000011, -12.44999999999999929 ) ) ;
#699 = CONICAL_SURFACE ( 'NONE', #21, 3.801213018315060754, 1.189647220726412158 ) ;
#700 = ORIENTED_EDGE ( 'NONE', *, *, #1886, .F. ) ;
#701 = CYLINDRICAL_SURFACE ( 'NONE', #503, 4.150000000000000355 ) ;
#702 = AXIS2_PLACEMENT_3D ( 'NONE', #880, #665, #2039 ) ;
#703 = CARTESIAN_POINT ( 'NONE',  ( 0.000000000000000000, 8.139999999999998792, 3.000000000000000000 ) ) ;
#704 = ITEM_DEFINED_TRANSFORMATION ( 'NONE', 'NONE', #917,  #133 ) ;
#705 = DIRECTION ( 'NONE',  ( 0.000000000000000000, 0.000000000000000000, 1.000000000000000000 ) ) ;
#706 = ADVANCED_FACE ( 'NONE', ( #114 ), #2659, .T. ) ;
#707 = VECTOR ( 'NONE', #53, 1000.000000000000000 ) ;
#708 = EDGE_CURVE ( 'NONE', #1284, #2599, #2465, .T. ) ;
#709 = CARTESIAN_POINT ( 'NONE',  ( 8.364999999999998437, 0.2200000000000000011, -1.899999999999999911 ) ) ;
#710 = VECTOR ( 'NONE', #2035, 1000.000000000000000 ) ;
#712 = ORIENTED_EDGE ( 'NONE', *, *, #2124, .F. ) ;
#711 = CARTESIAN_POINT ( 'NONE',  ( 8.364999999999998437, 0.000000000000000000, -4.549999999999999822 ) ) ;
#713 = CARTESIAN_POINT ( 'NONE',  ( 7.865000000000000213, 0.2200000000000000011, -14.59999999999999964 ) ) ;
#714 = VECTOR ( 'NONE', #1995, 1000.000000000000000 ) ;
#715 = LINE ( 'NONE', #2055, #2516 ) ;
#716 = AXIS2_PLACEMENT_3D ( 'NONE', #1525, #2456, #2916 ) ;
#717 = VERTEX_POINT ( 'NONE', #2872 ) ;
#718 = CARTESIAN_POINT ( 'NONE',  ( -10.92006769424999924, 0.000000000000000000, -9.799999999999998934 ) ) ;
#719 = DIRECTION ( 'NONE',  ( -1.000000000000000000, 0.000000000000000000, 0.000000000000000000 ) ) ;
#720 = DIRECTION ( 'NONE',  ( 0.000000000000000000, 0.000000000000000000, 1.000000000000000000 ) ) ;
#721 = CARTESIAN_POINT ( 'NONE',  ( 0.000000000000000000, 8.139999999999998792, 0.000000000000000000 ) ) ;
#722 = EDGE_CURVE ( 'NONE', #1793, #2758, #1749, .T. ) ;
#723 = DIRECTION ( 'NONE',  ( 0.9843214110730050814, -0.1763841254287017712, 0.000000000000000000 ) ) ;
#724 = ADVANCED_FACE ( 'NONE', ( #2447 ), #1035, .F. ) ;
#725 = CARTESIAN_POINT ( 'NONE',  ( -10.92006769424999924, 0.000000000000000000, -10.90000000000000036 ) ) ;
#726 = DIRECTION ( 'NONE',  ( 1.000000000000000000, 0.000000000000000000, 0.000000000000000000 ) ) ;
#727 = EDGE_CURVE ( 'NONE', #1956, #1055, #2433, .T. ) ;
#728 = ORIENTED_EDGE ( 'NONE', *, *, #2474, .T. ) ;
#729 = CARTESIAN_POINT ( 'NONE',  ( -5.700000000000000178, 8.139999999999998792, 3.000000000000000000 ) ) ;
#730 = CARTESIAN_POINT ( 'NONE',  ( 7.865000000000000213, 0.000000000000000000, -3.449999999999999734 ) ) ;
#731 = CARTESIAN_POINT ( 'NONE',  ( -10.92006769424999924, -3.449999999999999734, -9.799999999999998934 ) ) ;
#732 = DIRECTION ( 'NONE',  ( 1.000000000000000000, 0.000000000000000000, 0.000000000000000000 ) ) ;
#733 = ADVANCED_FACE ( 'NONE', ( #328 ), #1940, .F. ) ;
#735 = VERTEX_POINT ( 'NONE', #135 ) ;
#734 = CARTESIAN_POINT ( 'NONE',  ( -9.099999999999999645, 0.2200000000000000011, -20.60999999999999943 ) ) ;
#736 = CARTESIAN_POINT ( 'NONE',  ( -3.250000000000000000, 8.139999999999998792, 0.000000000000000000 ) ) ;
#737 = PRODUCT ( 'NMJ6HCD2', 'NMJ6HCD2', '', ( #2553 ) ) ;
#738 = ADVANCED_FACE ( 'NONE', ( #1251 ), #1994, .T. ) ;
#739 = ORIENTED_EDGE ( 'NONE', *, *, #277, .F. ) ;
#740 = CARTESIAN_POINT ( 'NONE',  ( -7.865000000000000213, 0.000000000000000000, -3.449999999999999734 ) ) ;
#741 = ORIENTED_EDGE ( 'NONE', *, *, #2132, .F. ) ;
#742 = CARTESIAN_POINT ( 'NONE',  ( -4.349999999999999645, 12.35500000000000043, -23.52999999999999758 ) ) ;
#743 = PRESENTATION_LAYER_ASSIGNMENT (  '', '', ( #2882 ) ) ;
#744 = LINE ( 'NONE', #986, #1661 ) ;
#745 = VECTOR ( 'NONE', #2274, 1000.000000000000000 ) ;
#746 = DIRECTION ( 'NONE',  ( 0.000000000000000000, 0.000000000000000000, -1.000000000000000000 ) ) ;
#747 = AXIS2_PLACEMENT_3D ( 'NONE', #1001, #1703, #2630 ) ;
#748 = DIRECTION ( 'NONE',  ( 0.000000000000000000, 0.000000000000000000, -1.000000000000000000 ) ) ;
#749 = AXIS2_PLACEMENT_3D ( 'NONE', #1143, #1625, #2022 ) ;
#750 = ORIENTED_EDGE ( 'NONE', *, *, #2249, .T. ) ;
#751 = CARTESIAN_POINT ( 'NONE',  ( -9.099999999999999645, 0.2200000000000000011, -20.60999999999999943 ) ) ;
#752 = DIRECTION ( 'NONE',  ( 0.9843214110730050814, -0.1763841254287017712, 0.000000000000000000 ) ) ;
#753 = CIRCLE ( 'NONE', #119, 1.299999999999999156 ) ;
#754 = ORIENTED_EDGE ( 'NONE', *, *, #1943, .T. ) ;
#755 = DIRECTION ( 'NONE',  ( 0.000000000000000000, 1.000000000000000000, 0.000000000000000000 ) ) ;
#756 = ADVANCED_FACE ( 'NONE', ( #89 ), #2192, .F. ) ;
#757 = ORIENTED_EDGE ( 'NONE', *, *, #535, .F. ) ;
#758 = EDGE_CURVE ( 'NONE', #469, #2765, #810, .T. ) ;
#759 = LINE ( 'NONE', #742, #1877 ) ;
#760 = CIRCLE ( 'NONE', #1640, 5.700000000000000178 ) ;
#761 = ADVANCED_BREP_SHAPE_REPRESENTATION ( '', ( #2029, #2982, #12, #2976, #34, #1015, #2952, #938, #133 ), #2228 ) ;
#762 = DIRECTION ( 'NONE',  ( 0.000000000000000000, -1.000000000000000000, 0.000000000000000000 ) ) ;
#763 = VECTOR ( 'NONE', #1756, 1000.000000000000000 ) ;
#764 = DIRECTION ( 'NONE',  ( 0.000000000000000000, 0.000000000000000000, 1.000000000000000000 ) ) ;
#765 =( GEOMETRIC_REPRESENTATION_CONTEXT ( 3 ) GLOBAL_UNCERTAINTY_ASSIGNED_CONTEXT ( ( #495 ) ) GLOBAL_UNIT_ASSIGNED_CONTEXT ( ( #2489, #1375, #1593 ) ) REPRESENTATION_CONTEXT ( 'NONE', 'WORKASPACE' ) );
#766 = DIRECTION ( 'NONE',  ( 0.000000000000000000, 0.000000000000000000, -1.000000000000000000 ) ) ;
#767 = EDGE_CURVE ( 'NONE', #1055, #1570, #947, .T. ) ;
#768 = ORIENTED_EDGE ( 'NONE', *, *, #182, .F. ) ;
#769 = CARTESIAN_POINT ( 'NONE',  ( 8.364999999999998437, -3.449999999999999734, -3.449999999999999734 ) ) ;
#770 = DIRECTION ( 'NONE',  ( 1.000000000000000000, 0.000000000000000000, 0.000000000000000000 ) ) ;
#771 = EDGE_LOOP ( 'NONE', ( #419, #677, #2461, #1404 ) ) ;
#772 = LINE ( 'NONE', #1701, #661 ) ;
#773 = VERTEX_POINT ( 'NONE', #2975 ) ;
#774 = CARTESIAN_POINT ( 'NONE',  ( 0.000000000000000000, 8.139999999999998792, -22.42180581256999972 ) ) ;
#775 = ADVANCED_FACE ( 'NONE', ( #2269 ), #1614, .T. ) ;
#776 = CARTESIAN_POINT ( 'NONE',  ( -3.801213018315060754, 8.139999999999998792, -21.92590392197771365 ) ) ;
#777 = EDGE_CURVE ( 'NONE', #2720, #1152, #2021, .T. ) ;
#778 = DIRECTION ( 'NONE',  ( -0.7642552847637900104, 0.6449138389820909811, 0.000000000000000000 ) ) ;
#779 = DIRECTION ( 'NONE',  ( 0.000000000000000000, -1.000000000000000000, 0.000000000000000000 ) ) ;
#780 = ORIENTED_EDGE ( 'NONE', *, *, #54, .F. ) ;
#781 = FACE_OUTER_BOUND ( 'NONE', #1754, .T. ) ;
#782 = VERTEX_POINT ( 'NONE', #1368 ) ;
#783 = EDGE_CURVE ( 'NONE', #2342, #366, #1314, .T. ) ;
#784 = DIRECTION ( 'NONE',  ( 0.000000000000000000, 1.000000000000000000, 0.000000000000000000 ) ) ;
#785 = ORIENTED_EDGE ( 'NONE', *, *, #2776, .F. ) ;
#786 = LINE ( 'NONE', #1412, #2803 ) ;
#787 = ADVANCED_FACE ( 'NONE', ( #1302 ), #2513, .F. ) ;
#788 = ORIENTED_EDGE ( 'NONE', *, *, #2455, .T. ) ;
#789 = DIRECTION ( 'NONE',  ( 1.000000000000000000, 0.000000000000000000, 0.000000000000000000 ) ) ;
#790 =( GEOMETRIC_REPRESENTATION_CONTEXT ( 3 ) GLOBAL_UNCERTAINTY_ASSIGNED_CONTEXT ( ( #2295 ) ) GLOBAL_UNIT_ASSIGNED_CONTEXT ( ( #1855, #2421, #1704 ) ) REPRESENTATION_CONTEXT ( 'NONE', 'WORKASPACE' ) );
#791 = DIRECTION ( 'NONE',  ( 0.000000000000000000, 0.000000000000000000, -1.000000000000000000 ) ) ;
#792 = CLOSED_SHELL ( 'NONE', ( #2088, #1668, #800, #2585, #1831, #2971, #1809, #1865, #1518, #2532 ) ) ;
#793 = DIRECTION ( 'NONE',  ( 0.000000000000000000, 0.000000000000000000, -1.000000000000000000 ) ) ;
#794 = DIRECTION ( 'NONE',  ( -1.000000000000000000, 0.000000000000000000, 0.000000000000000000 ) ) ;
#795 = VECTOR ( 'NONE', #1407, 1000.000000000000000 ) ;
#796 = FACE_OUTER_BOUND ( 'NONE', #1009, .T. ) ;
#797 = EDGE_CURVE ( 'NONE', #931, #2252, #1100, .T. ) ;
#798 = ORIENTED_EDGE ( 'NONE', *, *, #277, .T. ) ;
#799 = VECTOR ( 'NONE', #927, 1000.000000000000000 ) ;
#800 = ADVANCED_FACE ( 'NONE', ( #1550 ), #2294, .T. ) ;
#802 = EDGE_LOOP ( 'NONE', ( #2049, #2642, #544, #890 ) ) ;
#801 = DIRECTION ( 'NONE',  ( 1.000000000000000000, 0.000000000000000000, 0.000000000000000000 ) ) ;
#803 = AXIS2_PLACEMENT_3D ( 'NONE', #1720, #1005, #303 ) ;
#804 = AXIS2_PLACEMENT_3D ( 'NONE', #751, #1212, #1010 ) ;
#805 = EDGE_LOOP ( 'NONE', ( #2237, #325, #2957, #2775 ) ) ;
#806 = DIRECTION ( 'NONE',  ( 0.000000000000000000, 1.000000000000000000, 0.000000000000000000 ) ) ;
#807 = AXIS2_PLACEMENT_3D ( 'NONE', #1451, #1226, #2865 ) ;
#808 = ADVANCED_FACE ( 'NONE', ( #1796 ), #1811, .T. ) ;
#809 = ORIENTED_EDGE ( 'NONE', *, *, #362, .T. ) ;
#810 = LINE ( 'NONE', #1953, #2013 ) ;
#811 = VERTEX_POINT ( 'NONE', #2283 ) ;
#812 = LINE ( 'NONE', #633, #862 ) ;
#813 = CARTESIAN_POINT ( 'NONE',  ( -10.92006769424999924, -3.449999999999999734, -4.000000000000000000 ) ) ;
#814 = CARTESIAN_POINT ( 'NONE',  ( 7.865000000000000213, 0.000000000000000000, -18.80000000000000071 ) ) ;
#815 = VERTEX_POINT ( 'NONE', #1128 ) ;
#816 = AXIS2_PLACEMENT_3D ( 'NONE', #2813, #726, #288 ) ;
#817 = ORIENTED_EDGE ( 'NONE', *, *, #2555, .F. ) ;
#818 = DIRECTION ( 'NONE',  ( 1.000000000000000000, 0.000000000000000000, 0.000000000000000000 ) ) ;
#819 = VECTOR ( 'NONE', #2445, 1000.000000000000000 ) ;
#820 = EDGE_CURVE ( 'NONE', #1215, #1844, #1078, .T. ) ;
#821 = PLANE ( 'NONE',  #804 ) ;
#822 = ADVANCED_FACE ( 'NONE', ( #2004 ), #195, .T. ) ;
#823 = ORIENTED_EDGE ( 'NONE', *, *, #727, .F. ) ;
#824 = CARTESIAN_POINT ( 'NONE',  ( 7.865000000000000213, 0.2200000000000000011, -12.44999999999999929 ) ) ;
#825 = ORIENTED_EDGE ( 'NONE', *, *, #2901, .F. ) ;
#826 = DIRECTION ( 'NONE',  ( 0.000000000000000000, 0.000000000000000000, -1.000000000000000000 ) ) ;
#827 = DIRECTION ( 'NONE',  ( 0.000000000000000000, 0.000000000000000000, 1.000000000000000000 ) ) ;
#828 = CARTESIAN_POINT ( 'NONE',  ( 0.000000000000000000, 8.139999999999998792, -23.52999999999999758 ) ) ;
#829 = ORIENTED_EDGE ( 'NONE', *, *, #1919, .F. ) ;
#830 = LINE ( 'NONE', #1741, #3001 ) ;
#831 = ORIENTED_EDGE ( 'NONE', *, *, #2574, .F. ) ;
#832 = CARTESIAN_POINT ( 'NONE',  ( -8.364999999999998437, 0.000000000000000000, -16.15000000000000213 ) ) ;
#833 = EDGE_LOOP ( 'NONE', ( #909, #1200, #1509, #798 ) ) ;
#834 = CARTESIAN_POINT ( 'NONE',  ( -8.364999999999998437, 0.000000000000000000, -6.100000000000000533 ) ) ;
#835 = ORIENTED_EDGE ( 'NONE', *, *, #1902, .F. ) ;
#836 = PLANE ( 'NONE',  #2600 ) ;
#837 = ADVANCED_FACE ( 'NONE', ( #682 ), #2073, .T. ) ;
#838 = CARTESIAN_POINT ( 'NONE',  ( -7.865000000000000213, -3.449999999999999734, -9.799999999999998934 ) ) ;
#839 = EDGE_CURVE ( 'NONE', #2017, #2800, #2113, .T. ) ;
#840 = DIRECTION ( 'NONE',  ( -1.000000000000000000, 0.000000000000000000, 0.000000000000000000 ) ) ;
#841 = EDGE_LOOP ( 'NONE', ( #1772, #456, #851, #2492 ) ) ;
#842 = CARTESIAN_POINT ( 'NONE',  ( 7.865000000000000213, 0.2200000000000000011, -1.899999999999999911 ) ) ;
#843 = ORIENTED_EDGE ( 'NONE', *, *, #2752, .F. ) ;
#844 = VECTOR ( 'NONE', #432, 1000.000000000000000 ) ;
#845 = DIRECTION ( 'NONE',  ( 1.000000000000000000, 0.000000000000000000, 0.000000000000000000 ) ) ;
#846 = CIRCLE ( 'NONE', #2257, 0.5500000000000001554 ) ;
#847 = AXIS2_PLACEMENT_3D ( 'NONE', #1534, #1236, #1285 ) ;
#848 = VERTEX_POINT ( 'NONE', #914 ) ;
#849 = CARTESIAN_POINT ( 'NONE',  ( 7.865000000000000213, -3.449999999999999734, -16.69999999999999929 ) ) ;
#850 = VECTOR ( 'NONE', #40, 1000.000000000000000 ) ;
#851 = ORIENTED_EDGE ( 'NONE', *, *, #294, .F. ) ;
#852 = CARTESIAN_POINT ( 'NONE',  ( -8.364999999999998437, -3.449999999999999734, -10.90000000000000036 ) ) ;
#853 = EDGE_CURVE ( 'NONE', #1897, #120, #1849, .T. ) ;
#854 = VECTOR ( 'NONE', #1346, 1000.000000000000114 ) ;
#855 = DIRECTION ( 'NONE',  ( 0.000000000000000000, -1.000000000000000000, 0.000000000000000000 ) ) ;
#856 = ADVANCED_FACE ( 'NONE', ( #406 ), #438, .F. ) ;
#857 = VERTEX_POINT ( 'NONE', #164 ) ;
#858 = CARTESIAN_POINT ( 'NONE',  ( -10.92006769424999924, 0.000000000000000000, -18.80000000000000071 ) ) ;
#859 = ORIENTED_EDGE ( 'NONE', *, *, #2592, .T. ) ;
#860 = LINE ( 'NONE', #1788, #361 ) ;
#861 = EDGE_LOOP ( 'NONE', ( #1783, #1247, #289, #378 ) ) ;
#862 = VECTOR ( 'NONE', #1736, 1000.000000000000000 ) ;
#863 = CARTESIAN_POINT ( 'NONE',  ( 7.865000000000000213, -3.449999999999999734, -3.449999999999999734 ) ) ;
#864 = VECTOR ( 'NONE', #122, 1000.000000000000000 ) ;
#865 = ORIENTED_EDGE ( 'NONE', *, *, #2671, .T. ) ;
#866 = CARTESIAN_POINT ( 'NONE',  ( 8.364999999999998437, 0.2200000000000000011, -12.44999999999999929 ) ) ;
#867 = ORIENTED_EDGE ( 'NONE', *, *, #1426, .F. ) ;
#868 = DIRECTION ( 'NONE',  ( 0.000000000000000000, 0.000000000000000000, -1.000000000000000000 ) ) ;
#869 = CARTESIAN_POINT ( 'NONE',  ( 8.364999999999998437, 0.000000000000000000, -6.100000000000000533 ) ) ;
#870 = ORIENTED_EDGE ( 'NONE', *, *, #2763, .F. ) ;
#871 = DIRECTION ( 'NONE',  ( 1.000000000000000000, 0.000000000000000000, 0.000000000000000000 ) ) ;
#872 = ORIENTED_EDGE ( 'NONE', *, *, #2574, .T. ) ;
#873 = PLANE ( 'NONE',  #1776 ) ;
#874 =( NAMED_UNIT ( * ) PLANE_ANGLE_UNIT ( ) SI_UNIT ( $, .RADIAN. ) );
#875 = CARTESIAN_POINT ( 'NONE',  ( 8.364999999999998437, 0.000000000000000000, -4.549999999999999822 ) ) ;
#876 = CARTESIAN_POINT ( 'NONE',  ( -8.364999999999998437, 0.2200000000000000011, -1.899999999999999911 ) ) ;
#877 = ORIENTED_EDGE ( 'NONE', *, *, #1478, .T. ) ;
#878 = FACE_OUTER_BOUND ( 'NONE', #2526, .T. ) ;
#879 = VERTEX_POINT ( 'NONE', #2958 ) ;
#880 = CARTESIAN_POINT ( 'NONE',  ( 0.000000000000000000, 8.139999999999998792, 3.000000000000000000 ) ) ;
#881 = LINE ( 'NONE', #929, #2272 ) ;
#882 = ORIENTED_EDGE ( 'NONE', *, *, #708, .F. ) ;
#883 = CARTESIAN_POINT ( 'NONE',  ( 7.865000000000000213, -3.449999999999999734, -3.449999999999999734 ) ) ;
#884 = ORIENTED_EDGE ( 'NONE', *, *, #2382, .F. ) ;
#885 = CARTESIAN_POINT ( 'NONE',  ( -4.349999999999999645, 12.35500000000000043, -20.60999999999999943 ) ) ;
#886 =( NAMED_UNIT ( * ) PLANE_ANGLE_UNIT ( ) SI_UNIT ( $, .RADIAN. ) );
#887 = CARTESIAN_POINT ( 'NONE',  ( 0.000000000000000000, 8.139999999999998792, 4.326499999999999346 ) ) ;
#888 = EDGE_CURVE ( 'NONE', #1895, #1042, #2718, .T. ) ;
#889 = VERTEX_POINT ( 'NONE', #181 ) ;
#890 = ORIENTED_EDGE ( 'NONE', *, *, #2948, .F. ) ;
#891 = VECTOR ( 'NONE', #520, 1000.000000000000000 ) ;
#892 = FACE_OUTER_BOUND ( 'NONE', #2202, .T. ) ;
#893 = ORIENTED_EDGE ( 'NONE', *, *, #2860, .F. ) ;
#894 = CARTESIAN_POINT ( 'NONE',  ( -8.364999999999998437, -3.449999999999999734, -3.449999999999999734 ) ) ;
#895 = AXIS2_PLACEMENT_3D ( 'NONE', #774, #1963, #355 ) ;
#896 = LINE ( 'NONE', #2799, #33 ) ;
#897 = CIRCLE ( 'NONE', #1631, 5.700000000000000178 ) ;
#898 = ORIENTED_EDGE ( 'NONE', *, *, #783, .T. ) ;
#899 = CARTESIAN_POINT ( 'NONE',  ( -7.865000000000000213, 0.2200000000000000011, -18.80000000000000071 ) ) ;
#900 = VECTOR ( 'NONE', #2347, 1000.000000000000000 ) ;
#901 = EDGE_LOOP ( 'NONE', ( #1779, #70, #2059, #2007 ) ) ;
#902 = LINE ( 'NONE', #2537, #2896 ) ;
#903 = AXIS2_PLACEMENT_3D ( 'NONE', #2277, #2712, #2696 ) ;
#904 = CYLINDRICAL_SURFACE ( 'NONE', #2597, 3.801213018315060754 ) ;
#905 = CARTESIAN_POINT ( 'NONE',  ( 4.349999999999999645, 12.35500000000000043, -23.52999999999999758 ) ) ;
#906 = AXIS2_PLACEMENT_3D ( 'NONE', #1920, #1896, #512 ) ;
#907 = EDGE_CURVE ( 'NONE', #124, #82, #231, .T. ) ;
#909 = ORIENTED_EDGE ( 'NONE', *, *, #1188, .T. ) ;
#908 = CARTESIAN_POINT ( 'NONE',  ( 8.364999999999998437, 0.2200000000000000011, -1.899999999999999911 ) ) ;
#910 = EDGE_CURVE ( 'NONE', #1080, #2624, #2091, .T. ) ;
#911 = AXIS2_PLACEMENT_3D ( 'NONE', #436, #208, #752 ) ;
#912 = DIRECTION ( 'NONE',  ( 1.000000000000000000, 0.000000000000000000, 0.000000000000000000 ) ) ;
#913 = ORIENTED_EDGE ( 'NONE', *, *, #1310, .T. ) ;
#914 = CARTESIAN_POINT ( 'NONE',  ( -7.865000000000000213, 0.000000000000000000, -12.44999999999999929 ) ) ;
#915 = EDGE_CURVE ( 'NONE', #2003, #2342, #696, .T. ) ;
#916 = FACE_OUTER_BOUND ( 'NONE', #177, .T. ) ;
#917 = AXIS2_PLACEMENT_3D ( 'NONE', #47, #476, #1432 ) ;
#918 = ORIENTED_EDGE ( 'NONE', *, *, #820, .F. ) ;
#919 = LINE ( 'NONE', #2996, #1575 ) ;
#920 = ORIENTED_EDGE ( 'NONE', *, *, #444, .F. ) ;
#921 =( NAMED_UNIT ( * ) SI_UNIT ( $, .STERADIAN. ) SOLID_ANGLE_UNIT ( ) );
#922 = CARTESIAN_POINT ( 'NONE',  ( -8.364999999999998437, 0.2200000000000000011, -8.250000000000000000 ) ) ;
#923 = CARTESIAN_POINT ( 'NONE',  ( 0.000000000000000000, 4.890000000000000568, -21.48361162512999911 ) ) ;
#924 = CARTESIAN_POINT ( 'NONE',  ( -7.865000000000000213, -3.449999999999999734, -3.449999999999999734 ) ) ;
#925 = DIRECTION ( 'NONE',  ( 0.000000000000000000, 0.000000000000000000, 1.000000000000000000 ) ) ;
#926 = EDGE_LOOP ( 'NONE', ( #1079, #1360, #2639, #1769 ) ) ;
#927 = DIRECTION ( 'NONE',  ( 0.000000000000000000, -1.000000000000000000, 0.000000000000000000 ) ) ;
#928 = ORIENTED_EDGE ( 'NONE', *, *, #2132, .T. ) ;
#929 = CARTESIAN_POINT ( 'NONE',  ( 8.364999999999998437, 0.2200000000000000011, -6.100000000000000533 ) ) ;
#930 = EDGE_CURVE ( 'NONE', #1452, #2243, #2315, .T. ) ;
#931 = VERTEX_POINT ( 'NONE', #1018 ) ;
#932 = EDGE_CURVE ( 'NONE', #879, #2599, #2646, .T. ) ;
#933 = DIRECTION ( 'NONE',  ( 0.000000000000000000, 0.000000000000000000, 1.000000000000000000 ) ) ;
#934 = DIRECTION ( 'NONE',  ( 0.8014154089485987509, 0.5981081359584988766, 0.000000000000000000 ) ) ;
#935 = APPLICATION_PROTOCOL_DEFINITION ( 'draft international standard', 'automotive_design', 1998, #3015 ) ;
#936 = CARTESIAN_POINT ( 'NONE',  ( -8.364999999999998437, -3.449999999999999734, -16.15000000000000213 ) ) ;
#937 = CARTESIAN_POINT ( 'NONE',  ( 7.865000000000000213, 0.000000000000000000, -6.100000000000000533 ) ) ;
#938 = MANIFOLD_SOLID_BREP ( 'Split2[2]', #2734 ) ;
#939 = PRODUCT_DEFINITION_SHAPE ( 'NONE', 'NONE',  #2984 ) ;
#941 = ORIENTED_EDGE ( 'NONE', *, *, #568, .F. ) ;
#940 = CARTESIAN_POINT ( 'NONE',  ( -7.530000000000000249, 8.139999999999998792, 0.000000000000000000 ) ) ;
#942 =( NAMED_UNIT ( * ) PLANE_ANGLE_UNIT ( ) SI_UNIT ( $, .RADIAN. ) );
#943 = PLANE ( 'NONE',  #957 ) ;
#944 = AXIS2_PLACEMENT_3D ( 'NONE', #1836, #1814, #216 ) ;
#945 = EDGE_LOOP ( 'NONE', ( #2988, #2282, #1371, #2299 ) ) ;
#946 = FACE_BOUND ( 'NONE', #560, .T. ) ;
#947 = CIRCLE ( 'NONE', #1577, 4.149999999999999467 ) ;
#948 = CARTESIAN_POINT ( 'NONE',  ( -7.865000000000000213, 0.2200000000000000011, -8.250000000000000000 ) ) ;
#949 = EDGE_CURVE ( 'NONE', #1570, #1055, #2263, .T. ) ;
#950 = CARTESIAN_POINT ( 'NONE',  ( 0.000000000000000000, 0.000000000000000000, 0.000000000000000000 ) ) ;
#951 = PLANE ( 'NONE',  #987 ) ;
#952 = VECTOR ( 'NONE', #1490, 1000.000000000000000 ) ;
#953 = PLANE ( 'NONE',  #2949 ) ;
#954 = VECTOR ( 'NONE', #2262, 1000.000000000000000 ) ;
#955 = CARTESIAN_POINT ( 'NONE',  ( 7.799999999999999822, 12.72000000000000064, 0.000000000000000000 ) ) ;
#956 = LINE ( 'NONE', #55, #864 ) ;
#957 = AXIS2_PLACEMENT_3D ( 'NONE', #698, #2565, #1879 ) ;
#958 = PLANE ( 'NONE',  #906 ) ;
#959 = AXIS2_PLACEMENT_3D ( 'NONE', #694, #2070, #925 ) ;
#960 = ORIENTED_EDGE ( 'NONE', *, *, #2233, .T. ) ;
#961 = CARTESIAN_POINT ( 'NONE',  ( -7.530000000000000249, 8.139999999999998792, -20.60999999999999943 ) ) ;
#962 =( GEOMETRIC_REPRESENTATION_CONTEXT ( 3 ) GLOBAL_UNCERTAINTY_ASSIGNED_CONTEXT ( ( #2482 ) ) GLOBAL_UNIT_ASSIGNED_CONTEXT ( ( #1572, #2968, #2538 ) ) REPRESENTATION_CONTEXT ( 'NONE', 'WORKASPACE' ) );
#963 = DIRECTION ( 'NONE',  ( 0.000000000000000000, 0.000000000000000000, 1.000000000000000000 ) ) ;
#964 = LINE ( 'NONE', #1006, #2157 ) ;
#965 = CARTESIAN_POINT ( 'NONE',  ( -7.865000000000000213, -3.449999999999999734, -4.000000000000000000 ) ) ;
#966 = DIRECTION ( 'NONE',  ( 0.000000000000000000, -0.000000000000000000, -1.000000000000000000 ) ) ;
#967 = PLANE ( 'NONE',  #1597 ) ;
#968 = EDGE_CURVE ( 'NONE', #2222, #30, #2118, .T. ) ;
#969 = DIRECTION ( 'NONE',  ( 1.000000000000000000, 0.000000000000000000, 0.000000000000000000 ) ) ;
#970 = EDGE_LOOP ( 'NONE', ( #2732, #660, #1861, #2487 ) ) ;
#971 = LINE ( 'NONE', #961, #598 ) ;
#972 = LINE ( 'NONE', #2403, #2870 ) ;
#973 = DIRECTION ( 'NONE',  ( 1.000000000000000000, 0.000000000000000000, 0.000000000000000000 ) ) ;
#974 = CARTESIAN_POINT ( 'NONE',  ( 7.865000000000000213, 0.000000000000000000, -3.449999999999999734 ) ) ;
#975 = DIRECTION ( 'NONE',  ( 0.000000000000000000, 0.000000000000000000, -1.000000000000000000 ) ) ;
#976 = VECTOR ( 'NONE', #1470, 1000.000000000000000 ) ;
#977 = VERTEX_POINT ( 'NONE', #2894 ) ;
#978 = EDGE_CURVE ( 'NONE', #815, #2252, #1254, .T. ) ;
#979 = CARTESIAN_POINT ( 'NONE',  ( -7.865000000000000213, -3.449999999999999734, -10.34999999999999964 ) ) ;
#980 = DIRECTION ( 'NONE',  ( -0.6449138389820909811, -0.7642552847637900104, 0.000000000000000000 ) ) ;
#981 = EDGE_CURVE ( 'NONE', #2092, #1333, #2210, .T. ) ;
#982 = ORIENTED_EDGE ( 'NONE', *, *, #2102, .T. ) ;
#983 = CARTESIAN_POINT ( 'NONE',  ( 8.364999999999998437, 0.2200000000000000011, -6.100000000000000533 ) ) ;
#984 = EDGE_LOOP ( 'NONE', ( #788, #1193, #2214 ) ) ;
#985 = LINE ( 'NONE', #729, #1384 ) ;
#986 = CARTESIAN_POINT ( 'NONE',  ( -8.364999999999998437, 0.2200000000000000011, -6.100000000000000533 ) ) ;
#987 = AXIS2_PLACEMENT_3D ( 'NONE', #2817, #48, #1207 ) ;
#988 = DIRECTION ( 'NONE',  ( 0.1763841254287010496, 0.9843214110730053035, 0.000000000000000000 ) ) ;
#989 = MECHANICAL_DESIGN_GEOMETRIC_PRESENTATION_REPRESENTATION (  '', ( #2885 ), #991 ) ;
#990 = CARTESIAN_POINT ( 'NONE',  ( 7.865000000000000213, -3.449999999999999734, -4.549999999999999822 ) ) ;
#991 =( GEOMETRIC_REPRESENTATION_CONTEXT ( 3 ) GLOBAL_UNCERTAINTY_ASSIGNED_CONTEXT ( ( #1566 ) ) GLOBAL_UNIT_ASSIGNED_CONTEXT ( ( #77, #573, #2387 ) ) REPRESENTATION_CONTEXT ( 'NONE', 'WORKASPACE' ) );
#992 = VERTEX_POINT ( 'NONE', #2422 ) ;
#993 = VECTOR ( 'NONE', #2846, 1000.000000000000000 ) ;
#994 = VECTOR ( 'NONE', #2679, 1000.000000000000000 ) ;
#995 = CARTESIAN_POINT ( 'NONE',  ( 0.000000000000000000, 11.39000000000000057, -21.48361162512999911 ) ) ;
#996 =( LENGTH_UNIT ( ) NAMED_UNIT ( * ) SI_UNIT ( .MILLI., .METRE. ) );
#997 = EDGE_LOOP ( 'NONE', ( #2635, #1498, #2480, #2871 ) ) ;
#998 = DIRECTION ( 'NONE',  ( 0.000000000000000000, 0.000000000000000000, 1.000000000000000000 ) ) ;
#999 = ADVANCED_FACE ( 'NONE', ( #2196 ), #1966, .T. ) ;
#1000 = ORIENTED_EDGE ( 'NONE', *, *, #1903, .F. ) ;
#1001 = CARTESIAN_POINT ( 'NONE',  ( -7.865000000000000213, 0.2200000000000000011, -6.100000000000000533 ) ) ;
#1002 = VECTOR ( 'NONE', #552, 1000.000000000000000 ) ;
#1003 = DIRECTION ( 'NONE',  ( -1.000000000000000000, 0.000000000000000000, 0.000000000000000000 ) ) ;
#1004 = CIRCLE ( 'NONE', #2367, 0.5499999999999983791 ) ;
#1005 = DIRECTION ( 'NONE',  ( 0.000000000000000000, 0.000000000000000000, -1.000000000000000000 ) ) ;
#1006 = CARTESIAN_POINT ( 'NONE',  ( 7.865000000000000213, -3.449999999999999734, -9.799999999999998934 ) ) ;
#1007 = ORIENTED_EDGE ( 'NONE', *, *, #2625, .F. ) ;
#1008 = DIRECTION ( 'NONE',  ( 0.000000000000000000, -1.000000000000000000, 0.000000000000000000 ) ) ;
#1009 = EDGE_LOOP ( 'NONE', ( #2737, #2929, #44, #1211 ) ) ;
#1010 = DIRECTION ( 'NONE',  ( 0.000000000000000000, -0.000000000000000000, -1.000000000000000000 ) ) ;
#1011 = VERTEX_POINT ( 'NONE', #1223 ) ;
#1012 = DIRECTION ( 'NONE',  ( 1.000000000000000000, 0.000000000000000000, 0.000000000000000000 ) ) ;
#1013 = ORIENTED_EDGE ( 'NONE', *, *, #360, .F. ) ;
#1014 = DIRECTION ( 'NONE',  ( -0.000000000000000000, 1.000000000000000000, 0.000000000000000000 ) ) ;
#1015 = MANIFOLD_SOLID_BREP ( 'Split1[6]', #640 ) ;
#1016 = FACE_OUTER_BOUND ( 'NONE', #1115, .T. ) ;
#1017 = ADVANCED_FACE ( 'NONE', ( #2693 ), #606, .T. ) ;
#1018 = CARTESIAN_POINT ( 'NONE',  ( 4.349999999999999645, 12.35500000000000043, -23.52999999999999758 ) ) ;
#1019 = CARTESIAN_POINT ( 'NONE',  ( 0.000000000000000000, 13.83999999999999986, -0.7384265961928611066 ) ) ;
#1020 = EDGE_LOOP ( 'NONE', ( #872, #172, #437, #1848 ) ) ;
#1021 = CYLINDRICAL_SURFACE ( 'NONE', #1086, 0.5499999999999983791 ) ;
#1022 = DIRECTION ( 'NONE',  ( 0.000000000000000000, 0.000000000000000000, -1.000000000000000000 ) ) ;
#1023 = ORIENTED_EDGE ( 'NONE', *, *, #2065, .T. ) ;
#1024 = DIRECTION ( 'NONE',  ( 1.000000000000000000, 0.000000000000000000, 0.000000000000000000 ) ) ;
#1025 = ORIENTED_EDGE ( 'NONE', *, *, #2235, .T. ) ;
#1026 = CARTESIAN_POINT ( 'NONE',  ( -4.349999999999999645, 12.35500000000000043, -23.52999999999999758 ) ) ;
#1027 = FACE_OUTER_BOUND ( 'NONE', #2094, .T. ) ;
#1028 = CARTESIAN_POINT ( 'NONE',  ( 4.349999999999999645, 3.924999999999999822, -23.52999999999999758 ) ) ;
#1029 = ADVANCED_FACE ( 'NONE', ( #2560 ), #479, .F. ) ;
#1030 = EDGE_CURVE ( 'NONE', #2545, #735, #1873, .T. ) ;
#1031 = AXIS2_PLACEMENT_3D ( 'NONE', #2345, #1433, #1196 ) ;
#1032 = EDGE_LOOP ( 'NONE', ( #2839, #2470, #513, #64 ) ) ;
#1033 = FACE_OUTER_BOUND ( 'NONE', #1905, .T. ) ;
#1034 = EDGE_LOOP ( 'NONE', ( #2, #2234, #247, #1591 ) ) ;
#1035 = CONICAL_SURFACE ( 'NONE', #895, 1.624999999999999778, 1.047197551196400456 ) ;
#1036 = PLANE ( 'NONE',  #1227 ) ;
#1037 =( GEOMETRIC_REPRESENTATION_CONTEXT ( 3 ) GLOBAL_UNCERTAINTY_ASSIGNED_CONTEXT ( ( #621 ) ) GLOBAL_UNIT_ASSIGNED_CONTEXT ( ( #1239, #2404, #1059 ) ) REPRESENTATION_CONTEXT ( 'NONE', 'WORKASPACE' ) );
#1038 = AXIS2_PLACEMENT_3D ( 'NONE', #1257, #1697, #1911 ) ;
#1039 = EDGE_LOOP ( 'NONE', ( #1545, #642 ) ) ;
#1040 = CARTESIAN_POINT ( 'NONE',  ( -8.364999999999998437, -3.449999999999999734, -3.449999999999999734 ) ) ;
#1041 = CIRCLE ( 'NONE', #272, 4.149999999999999467 ) ;
#1042 = VERTEX_POINT ( 'NONE', #1380 ) ;
#1043 = FACE_OUTER_BOUND ( 'NONE', #80, .T. ) ;
#1044 = DIRECTION ( 'NONE',  ( 0.000000000000000000, 0.000000000000000000, 1.000000000000000000 ) ) ;
#1045 = DIRECTION ( 'NONE',  ( 1.000000000000000000, 0.000000000000000000, 0.000000000000000000 ) ) ;
#1046 = AXIS2_PLACEMENT_3D ( 'NONE', #2270, #2040, #183 ) ;
#1047 = ORIENTED_EDGE ( 'NONE', *, *, #2787, .T. ) ;
#1048 = CARTESIAN_POINT ( 'NONE',  ( -7.865000000000000213, 0.000000000000000000, -1.899999999999999911 ) ) ;
#1049 = FACE_OUTER_BOUND ( 'NONE', #1764, .T. ) ;
#1050 = LINE ( 'NONE', #103, #1125 ) ;
#1051 = VECTOR ( 'NONE', #1599, 1000.000000000000000 ) ;
#1052 = DIRECTION ( 'NONE',  ( -1.000000000000000000, 0.000000000000000000, 0.000000000000000000 ) ) ;
#1053 = VERTEX_POINT ( 'NONE', #1904 ) ;
#1054 = DIRECTION ( 'NONE',  ( 0.000000000000000000, 0.000000000000000000, 1.000000000000000000 ) ) ;
#1055 = VERTEX_POINT ( 'NONE', #1420 ) ;
#1056 = PLANE ( 'NONE',  #458 ) ;
#1057 = ORIENTED_EDGE ( 'NONE', *, *, #1377, .F. ) ;
#1058 = CARTESIAN_POINT ( 'NONE',  ( 0.000000000000000000, 4.890000000000000568, -20.60999999999999943 ) ) ;
#1059 =( NAMED_UNIT ( * ) SI_UNIT ( $, .STERADIAN. ) SOLID_ANGLE_UNIT ( ) );
#1060 = CARTESIAN_POINT ( 'NONE',  ( -8.364999999999998437, 0.2200000000000000011, -8.250000000000000000 ) ) ;
#1061 = ORIENTED_EDGE ( 'NONE', *, *, #50, .F. ) ;
#1062 = LINE ( 'NONE', #346, #1583 ) ;
#1063 = SURFACE_STYLE_USAGE ( .BOTH. , #2247 ) ;
#1064 = PLANE ( 'NONE',  #2016 ) ;
#1065 = ADVANCED_FACE ( 'NONE', ( #2100 ), #466, .T. ) ;
#1066 = VERTEX_POINT ( 'NONE', #13 ) ;
#1067 = CARTESIAN_POINT ( 'NONE',  ( -4.349999999999999645, 3.924999999999999822, -23.52999999999999758 ) ) ;
#1068 = ORIENTED_EDGE ( 'NONE', *, *, #1990, .T. ) ;
#1069 = CARTESIAN_POINT ( 'NONE',  ( 7.865000000000000213, 0.2200000000000000011, -12.44999999999999929 ) ) ;
#1070 = FACE_OUTER_BOUND ( 'NONE', #546, .T. ) ;
#1071 = ORIENTED_EDGE ( 'NONE', *, *, #568, .T. ) ;
#1072 = LINE ( 'NONE', #883, #1670 ) ;
#1073 = ORIENTED_EDGE ( 'NONE', *, *, #1603, .T. ) ;
#1074 = DIRECTION ( 'NONE',  ( 1.000000000000000000, 0.000000000000000000, 0.000000000000000000 ) ) ;
#1075 = ORIENTED_EDGE ( 'NONE', *, *, #142, .F. ) ;
#1076 = CARTESIAN_POINT ( 'NONE',  ( 8.364999999999998437, 0.000000000000000000, -17.25000000000000000 ) ) ;
#1077 = AXIS2_PLACEMENT_3D ( 'NONE', #828, #2632, #2677 ) ;
#1078 = CIRCLE ( 'NONE', #1719, 5.700000000000000178 ) ;
#1079 = ORIENTED_EDGE ( 'NONE', *, *, #360, .T. ) ;
#1080 = VERTEX_POINT ( 'NONE', #2310 ) ;
#1081 = LINE ( 'NONE', #1548, #2849 ) ;
#1082 = ADVANCED_FACE ( 'NONE', ( #2820 ), #2164, .F. ) ;
#1083 = VECTOR ( 'NONE', #784, 1000.000000000000000 ) ;
#1084 = ORIENTED_EDGE ( 'NONE', *, *, #2842, .F. ) ;
#1085 = DIRECTION ( 'NONE',  ( -1.000000000000000000, 0.000000000000000000, 0.000000000000000000 ) ) ;
#1086 = AXIS2_PLACEMENT_3D ( 'NONE', #2186, #2390, #521 ) ;
#1087 = LINE ( 'NONE', #1058, #1933 ) ;
#1088 = EDGE_LOOP ( 'NONE', ( #2432, #286, #374, #2695 ) ) ;
#1089 = DIRECTION ( 'NONE',  ( 1.000000000000000000, 0.000000000000000000, 0.000000000000000000 ) ) ;
#1090 = EDGE_LOOP ( 'NONE', ( #2185, #1938, #508, #2018, #2446, #768, #2495, #1787 ) ) ;
#1091 = CARTESIAN_POINT ( 'NONE',  ( -10.92006769424999924, 0.000000000000000000, -4.549999999999999822 ) ) ;
#1092 = FACE_OUTER_BOUND ( 'NONE', #2407, .T. ) ;
#1093 = AXIS2_PLACEMENT_3D ( 'NONE', #2869, #1191, #257 ) ;
#1094 = CARTESIAN_POINT ( 'NONE',  ( 7.865000000000000213, -3.449999999999999734, -16.15000000000000213 ) ) ;
#1095 = STYLED_ITEM ( 'NONE', ( #2724 ), #2976 ) ;
#1096 = ORIENTED_EDGE ( 'NONE', *, *, #1803, .F. ) ;
#1097 = CARTESIAN_POINT ( 'NONE',  ( 0.000000000000000000, 8.139999999999998792, -21.92590392197771365 ) ) ;
#1098 = ORIENTED_EDGE ( 'NONE', *, *, #1173, .F. ) ;
#1099 = ORIENTED_EDGE ( 'NONE', *, *, #2555, .T. ) ;
#1100 = LINE ( 'NONE', #149, #1473 ) ;
#1101 = CARTESIAN_POINT ( 'NONE',  ( -8.364999999999998437, -3.449999999999999734, -17.25000000000000000 ) ) ;
#1102 = VERTEX_POINT ( 'NONE', #1666 ) ;
#1103 = CARTESIAN_POINT ( 'NONE',  ( 0.000000000000000000, 8.139999999999998792, -21.92590392197771365 ) ) ;
#1104 = ORIENTED_EDGE ( 'NONE', *, *, #18, .F. ) ;
#1105 = CARTESIAN_POINT ( 'NONE',  ( 7.799999999999999822, 12.72000000000000064, 0.000000000000000000 ) ) ;
#1106 = ADVANCED_FACE ( 'NONE', ( #449 ), #1157, .F. ) ;
#1107 = CARTESIAN_POINT ( 'NONE',  ( -7.865000000000000213, 0.2200000000000000011, -8.250000000000000000 ) ) ;
#1108 = CARTESIAN_POINT ( 'NONE',  ( 0.000000000000000000, 3.989999999999999769, 3.000000000000000000 ) ) ;
#1109 = EDGE_CURVE ( 'NONE', #498, #1333, #26, .T. ) ;
#1110 = VERTEX_POINT ( 'NONE', #940 ) ;
#1111 = LINE ( 'NONE', #644, #2467 ) ;
#1112 = ORIENTED_EDGE ( 'NONE', *, *, #199, .T. ) ;
#1113 = CARTESIAN_POINT ( 'NONE',  ( -9.099999999999999645, 8.139999999999998792, 0.000000000000000000 ) ) ;
#1114 = DIRECTION ( 'NONE',  ( 0.000000000000000000, 0.000000000000000000, -1.000000000000000000 ) ) ;
#1115 = EDGE_LOOP ( 'NONE', ( #884, #2220, #1096, #3009 ) ) ;
#1116 = FACE_OUTER_BOUND ( 'NONE', #1952, .T. ) ;
#1117 = ORIENTED_EDGE ( 'NONE', *, *, #108, .T. ) ;
#1118 = CARTESIAN_POINT ( 'NONE',  ( 7.799999999999999822, 12.72000000000000064, -20.60999999999999943 ) ) ;
#1119 = CARTESIAN_POINT ( 'NONE',  ( -8.364999999999998437, 0.000000000000000000, -12.44999999999999929 ) ) ;
#1120 = ADVANCED_FACE ( 'NONE', ( #227 ), #1184, .F. ) ;
#1121 = CYLINDRICAL_SURFACE ( 'NONE', #1267, 5.700000000000000178 ) ;
#1122 = EDGE_CURVE ( 'NONE', #85, #811, #269, .T. ) ;
#1123 = CARTESIAN_POINT ( 'NONE',  ( 7.865000000000000213, 0.2200000000000000011, -8.250000000000000000 ) ) ;
#1124 = EDGE_LOOP ( 'NONE', ( #293, #92, #817, #2953 ) ) ;
#1125 = VECTOR ( 'NONE', #779, 1000.000000000000000 ) ;
#1126 = CARTESIAN_POINT ( 'NONE',  ( -8.364999999999998437, 0.2200000000000000011, -1.899999999999999911 ) ) ;
#1127 = EDGE_LOOP ( 'NONE', ( #741, #2965, #3004, #1711 ) ) ;
#1128 = CARTESIAN_POINT ( 'NONE',  ( 4.349999999999999645, 3.924999999999999822, -20.60999999999999943 ) ) ;
#1129 = VECTOR ( 'NONE', #3, 1000.000000000000000 ) ;
#1130 = DIRECTION ( 'NONE',  ( 0.000000000000000000, 0.000000000000000000, 1.000000000000000000 ) ) ;
#1131 = CIRCLE ( 'NONE', #2601, 3.250000000000000000 ) ;
#1132 = EDGE_LOOP ( 'NONE', ( #982, #1318, #2146, #670 ) ) ;
#1133 = CARTESIAN_POINT ( 'NONE',  ( -7.530000000000000249, 8.139999999999998792, 0.000000000000000000 ) ) ;
#1134 = AXIS2_PLACEMENT_3D ( 'NONE', #2620, #1676, #762 ) ;
#1135 = AXIS2_PLACEMENT_3D ( 'NONE', #105, #1680, #1435 ) ;
#1136 = ORIENTED_EDGE ( 'NONE', *, *, #1863, .F. ) ;
#1137 = DIRECTION ( 'NONE',  ( 1.000000000000000000, 0.000000000000000000, 0.000000000000000000 ) ) ;
#1138 = VECTOR ( 'NONE', #719, 1000.000000000000000 ) ;
#1139 = PRESENTATION_STYLE_ASSIGNMENT (( #1155 ) ) ;
#1140 = DIRECTION ( 'NONE',  ( 0.000000000000000000, -1.025063872168112953E-14, 1.000000000000000000 ) ) ;
#1141 = AXIS2_PLACEMENT_3D ( 'NONE', #2905, #1262, #1499 ) ;
#1142 = EDGE_LOOP ( 'NONE', ( #2923, #2383, #442, #538 ) ) ;
#1144 = EDGE_LOOP ( 'NONE', ( #2536, #2105, #1387, #1061 ) ) ;
#1143 = CARTESIAN_POINT ( 'NONE',  ( 0.000000000000000000, 8.139999999999998792, -21.92590392197771365 ) ) ;
#1145 = CIRCLE ( 'NONE', #1400, 3.249999999999999556 ) ;
#1146 = LINE ( 'NONE', #1627, #3008 ) ;
#1147 = EDGE_CURVE ( 'NONE', #1844, #1215, #897, .T. ) ;
#1148 = EDGE_LOOP ( 'NONE', ( #2268, #2550, #305, #1613 ) ) ;
#1149 = DIRECTION ( 'NONE',  ( 0.000000000000000000, 0.000000000000000000, -1.000000000000000000 ) ) ;
#1150 = EDGE_CURVE ( 'NONE', #2667, #1246, #2086, .T. ) ;
#1151 = DIRECTION ( 'NONE',  ( 0.000000000000000000, 0.000000000000000000, -1.000000000000000000 ) ) ;
#1152 = VERTEX_POINT ( 'NONE', #924 ) ;
#1153 = PLANE ( 'NONE',  #1626 ) ;
#1154 = DIRECTION ( 'NONE',  ( 0.000000000000000000, 0.000000000000000000, 1.000000000000000000 ) ) ;
#1155 = SURFACE_STYLE_USAGE ( .BOTH. , #2743 ) ;
#1156 = CARTESIAN_POINT ( 'NONE',  ( -8.364999999999998437, 0.000000000000000000, -18.80000000000000071 ) ) ;
#1158 = ORIENTED_EDGE ( 'NONE', *, *, #2636, .F. ) ;
#1157 = PLANE ( 'NONE',  #463 ) ;
#1159 = DIRECTION ( 'NONE',  ( 0.000000000000000000, 0.000000000000000000, -1.000000000000000000 ) ) ;
#1160 = EDGE_CURVE ( 'NONE', #2599, #1798, #287, .T. ) ;
#1161 = EDGE_CURVE ( 'NONE', #2942, #1948, #2337, .T. ) ;
#1162 = EDGE_LOOP ( 'NONE', ( #434, #1616, #2364, #2280 ) ) ;
#1163 = CARTESIAN_POINT ( 'NONE',  ( -7.865000000000000213, -3.449999999999999734, -9.799999999999998934 ) ) ;
#1164 = ORIENTED_EDGE ( 'NONE', *, *, #204, .F. ) ;
#1165 = CARTESIAN_POINT ( 'NONE',  ( -7.865000000000000213, 0.000000000000000000, -1.899999999999999911 ) ) ;
#1166 = VECTOR ( 'NONE', #1195, 1000.000000000000000 ) ;
#1167 = DIRECTION ( 'NONE',  ( 0.9843214110730050814, -0.1763841254287017712, 0.000000000000000000 ) ) ;
#1168 = DIRECTION ( 'NONE',  ( 0.000000000000000000, 0.000000000000000000, 1.000000000000000000 ) ) ;
#1169 = LINE ( 'NONE', #266, #1530 ) ;
#1171 = VERTEX_POINT ( 'NONE', #1170 ) ;
#1170 = CARTESIAN_POINT ( 'NONE',  ( -8.364999999999998437, 0.000000000000000000, -9.799999999999998934 ) ) ;
#1172 = VECTOR ( 'NONE', #1617, 1000.000000000000000 ) ;
#1173 = EDGE_CURVE ( 'NONE', #1485, #567, #1131, .T. ) ;
#1174 = DIRECTION ( 'NONE',  ( 1.000000000000000000, 0.000000000000000000, 0.000000000000000000 ) ) ;
#1175 = COLOUR_RGB ( '',0.2509803921568627416, 0.2509803921568627416, 0.2509803921568627416 ) ;
#1176 = ORIENTED_EDGE ( 'NONE', *, *, #1789, .T. ) ;
#1177 = CARTESIAN_POINT ( 'NONE',  ( 7.865000000000000213, -3.449999999999999734, -3.449999999999999734 ) ) ;
#1178 = VECTOR ( 'NONE', #2932, 1000.000000000000000 ) ;
#1179 = DIRECTION ( 'NONE',  ( 0.000000000000000000, -1.000000000000000000, 0.000000000000000000 ) ) ;
#1180 = DIRECTION ( 'NONE',  ( 1.000000000000000000, 0.000000000000000000, 0.000000000000000000 ) ) ;
#1181 = VECTOR ( 'NONE', #2454, 1000.000000000000000 ) ;
#1182 = DIRECTION ( 'NONE',  ( 0.000000000000000000, 0.000000000000000000, 1.000000000000000000 ) ) ;
#1183 = VECTOR ( 'NONE', #545, 1000.000000000000000 ) ;
#1185 = ORIENTED_EDGE ( 'NONE', *, *, #2474, .F. ) ;
#1184 = CYLINDRICAL_SURFACE ( 'NONE', #505, 3.250000000000000000 ) ;
#1186 = EDGE_CURVE ( 'NONE', #2624, #1977, #2944, .T. ) ;
#1187 = DIRECTION ( 'NONE',  ( 0.000000000000000000, 0.000000000000000000, 1.000000000000000000 ) ) ;
#1188 = EDGE_CURVE ( 'NONE', #977, #1568, #2744, .T. ) ;
#1189 = AXIS2_PLACEMENT_3D ( 'NONE', #2145, #57, #2416 ) ;
#1190 = ORIENTED_EDGE ( 'NONE', *, *, #1989, .F. ) ;
#1191 = DIRECTION ( 'NONE',  ( 0.000000000000000000, 0.000000000000000000, -1.000000000000000000 ) ) ;
#1192 = VECTOR ( 'NONE', #1, 1000.000000000000000 ) ;
#1193 = ORIENTED_EDGE ( 'NONE', *, *, #1395, .T. ) ;
#1194 = DIRECTION ( 'NONE',  ( 0.1763841254287010496, 0.9843214110730053035, 0.000000000000000000 ) ) ;
#1195 = DIRECTION ( 'NONE',  ( 1.000000000000000000, 0.000000000000000000, 0.000000000000000000 ) ) ;
#1196 = DIRECTION ( 'NONE',  ( 0.000000000000000000, -1.000000000000000000, 0.000000000000000000 ) ) ;
#1197 = EDGE_CURVE ( 'NONE', #2204, #2169, #107, .T. ) ;
#1198 = ADVANCED_FACE ( 'NONE', ( #2900 ), #1036, .F. ) ;
#1199 = CARTESIAN_POINT ( 'NONE',  ( -8.364999999999998437, 0.000000000000000000, -1.899999999999999911 ) ) ;
#1200 = ORIENTED_EDGE ( 'NONE', *, *, #1937, .T. ) ;
#1201 = DIRECTION ( 'NONE',  ( 1.000000000000000000, 0.000000000000000000, 0.000000000000000000 ) ) ;
#1202 = CARTESIAN_POINT ( 'NONE',  ( 3.250000000000000000, 8.139999999999998792, 0.000000000000000000 ) ) ;
#1203 = FACE_OUTER_BOUND ( 'NONE', #1463, .T. ) ;
#1204 = ORIENTED_EDGE ( 'NONE', *, *, #2152, .T. ) ;
#1205 = CARTESIAN_POINT ( 'NONE',  ( -3.801213018315060754, 8.139999999999998792, 3.000000000000000000 ) ) ;
#1206 = DIRECTION ( 'NONE',  ( 0.000000000000000000, -0.000000000000000000, -1.000000000000000000 ) ) ;
#1207 = DIRECTION ( 'NONE',  ( 1.000000000000000000, 0.000000000000000000, 0.000000000000000000 ) ) ;
#1208 = CARTESIAN_POINT ( 'NONE',  ( 0.000000000000000000, 8.139999999999998792, -23.44922391211617452 ) ) ;
#1209 = EDGE_CURVE ( 'NONE', #2907, #815, #295, .T. ) ;
#1210 = PRODUCT_RELATED_PRODUCT_CATEGORY ( 'part', '', ( #1893 ) ) ;
#1211 = ORIENTED_EDGE ( 'NONE', *, *, #225, .F. ) ;
#1213 = VERTEX_POINT ( 'NONE', #2380 ) ;
#1212 = DIRECTION ( 'NONE',  ( 0.000000000000000000, -1.000000000000000000, 0.000000000000000000 ) ) ;
#1214 = FILL_AREA_STYLE_COLOUR ( '', #2959 ) ;
#1215 = VERTEX_POINT ( 'NONE', #84 ) ;
#1216 = ADVANCED_FACE ( 'NONE', ( #2867 ), #821, .F. ) ;
#1217 = CARTESIAN_POINT ( 'NONE',  ( 0.000000000000000000, 8.139999999999998792, -21.48361162512999911 ) ) ;
#1218 = ORIENTED_EDGE ( 'NONE', *, *, #2289, .F. ) ;
#1219 = LINE ( 'NONE', #2223, #2261 ) ;
#1220 = VECTOR ( 'NONE', #446, 1000.000000000000000 ) ;
#1221 = DIRECTION ( 'NONE',  ( 0.000000000000000000, 1.000000000000000000, 0.000000000000000000 ) ) ;
#1222 = VECTOR ( 'NONE', #1089, 1000.000000000000000 ) ;
#1223 = CARTESIAN_POINT ( 'NONE',  ( -7.865000000000000213, -3.449999999999999734, -16.15000000000000213 ) ) ;
#1224 = CARTESIAN_POINT ( 'NONE',  ( 0.000000000000000000, 8.139999999999998792, -0.7384265961928611066 ) ) ;
#1225 = VECTOR ( 'NONE', #2844, 1000.000000000000000 ) ;
#1226 = DIRECTION ( 'NONE',  ( 0.000000000000000000, 0.000000000000000000, -1.000000000000000000 ) ) ;
#1227 = AXIS2_PLACEMENT_3D ( 'NONE', #580, #323, #2143 ) ;
#1228 = ORIENTED_EDGE ( 'NONE', *, *, #1919, .T. ) ;
#1229 = VECTOR ( 'NONE', #252, 1000.000000000000000 ) ;
#1230 = FACE_BOUND ( 'NONE', #2651, .T. ) ;
#1231 = ADVANCED_FACE ( 'NONE', ( #1510 ), #564, .T. ) ;
#1232 = EDGE_LOOP ( 'NONE', ( #1112, #2078, #750, #2987 ) ) ;
#1233 = ADVANCED_FACE ( 'NONE', ( #2153 ), #1949, .F. ) ;
#1234 = DIRECTION ( 'NONE',  ( 0.000000000000000000, 1.000000000000000000, 0.000000000000000000 ) ) ;
#1235 = ORIENTED_EDGE ( 'NONE', *, *, #2727, .T. ) ;
#1236 = DIRECTION ( 'NONE',  ( 0.000000000000000000, 0.000000000000000000, 1.000000000000000000 ) ) ;
#1237 = CIRCLE ( 'NONE', #2954, 3.249999999999999556 ) ;
#1238 = LINE ( 'NONE', #1488, #1926 ) ;
#1239 =( LENGTH_UNIT ( ) NAMED_UNIT ( * ) SI_UNIT ( .MILLI., .METRE. ) );
#1240 = LINE ( 'NONE', #91, #455 ) ;
#1241 = ADVANCED_FACE ( 'NONE', ( #1230, #1465 ), #1683, .F. ) ;
#1242 = ORIENTED_EDGE ( 'NONE', *, *, #1109, .T. ) ;
#1243 = FACE_OUTER_BOUND ( 'NONE', #74, .T. ) ;
#1244 = ORIENTED_EDGE ( 'NONE', *, *, #2787, .F. ) ;
#1245 = CARTESIAN_POINT ( 'NONE',  ( 7.865000000000000213, 0.2200000000000000011, -8.250000000000000000 ) ) ;
#1246 = VERTEX_POINT ( 'NONE', #308 ) ;
#1247 = ORIENTED_EDGE ( 'NONE', *, *, #2860, .T. ) ;
#1248 = CARTESIAN_POINT ( 'NONE',  ( -7.865000000000000213, 0.2200000000000000011, -1.899999999999999911 ) ) ;
#1249 = EDGE_LOOP ( 'NONE', ( #754, #2914, #207, #1832 ) ) ;
#1250 = EDGE_CURVE ( 'NONE', #2441, #619, #2883, .T. ) ;
#1251 = FACE_OUTER_BOUND ( 'NONE', #1598, .T. ) ;
#1252 = CARTESIAN_POINT ( 'NONE',  ( 7.865000000000000213, 0.000000000000000000, -18.80000000000000071 ) ) ;
#1253 = EDGE_CURVE ( 'NONE', #1466, #2616, #95, .T. ) ;
#1254 = LINE ( 'NONE', #1520, #952 ) ;
#1255 = DIRECTION ( 'NONE',  ( 0.000000000000000000, 1.000000000000000000, 0.000000000000000000 ) ) ;
#1256 = ORIENTED_EDGE ( 'NONE', *, *, #2096, .T. ) ;
#1257 = CARTESIAN_POINT ( 'NONE',  ( -9.099999999999999645, 0.2200000000000000011, -20.60999999999999943 ) ) ;
#1258 = EDGE_CURVE ( 'NONE', #2255, #2204, #2428, .T. ) ;
#1259 =( NAMED_UNIT ( * ) SI_UNIT ( $, .STERADIAN. ) SOLID_ANGLE_UNIT ( ) );
#1260 = CARTESIAN_POINT ( 'NONE',  ( 0.000000000000000000, 8.139999999999998792, -21.92590392197771365 ) ) ;
#1261 = VERTEX_POINT ( 'NONE', #2188 ) ;
#1262 = DIRECTION ( 'NONE',  ( -0.000000000000000000, 1.000000000000000000, 0.000000000000000000 ) ) ;
#1263 = ORIENTED_EDGE ( 'NONE', *, *, #2155, .T. ) ;
#1264 = LINE ( 'NONE', #2419, #2997 ) ;
#1265 = EDGE_CURVE ( 'NONE', #2017, #1610, #2200, .T. ) ;
#1266 = CARTESIAN_POINT ( 'NONE',  ( -10.92006769424999924, -3.449999999999999734, -9.799999999999998934 ) ) ;
#1267 = AXIS2_PLACEMENT_3D ( 'NONE', #1594, #1574, #2554 ) ;
#1268 = SURFACE_STYLE_FILL_AREA ( #2927 ) ;
#1269 = LINE ( 'NONE', #2211, #65 ) ;
#1270 = ORIENTED_EDGE ( 'NONE', *, *, #422, .F. ) ;
#1271 = EDGE_CURVE ( 'NONE', #2241, #120, #1579, .T. ) ;
#1272 = VECTOR ( 'NONE', #2361, 1000.000000000000000 ) ;
#1273 = ORIENTED_EDGE ( 'NONE', *, *, #1462, .T. ) ;
#1274 = PLANE ( 'NONE',  #1681 ) ;
#1275 = VERTEX_POINT ( 'NONE', #2833 ) ;
#1276 = AXIS2_PLACEMENT_3D ( 'NONE', #1763, #1978, #2859 ) ;
#1277 = LINE ( 'NONE', #832, #1279 ) ;
#1278 = AXIS2_PLACEMENT_3D ( 'NONE', #813, #117, #1471 ) ;
#1279 = VECTOR ( 'NONE', #1546, 1000.000000000000000 ) ;
#1280 = EDGE_CURVE ( 'NONE', #588, #2509, #2614, .T. ) ;
#1281 = ORIENTED_EDGE ( 'NONE', *, *, #2359, .T. ) ;
#1282 = FACE_OUTER_BOUND ( 'NONE', #771, .T. ) ;
#1283 = AXIS2_PLACEMENT_3D ( 'NONE', #1307, #155, #577 ) ;
#1284 = VERTEX_POINT ( 'NONE', #335 ) ;
#1285 = DIRECTION ( 'NONE',  ( 1.000000000000000000, 0.000000000000000000, 0.000000000000000000 ) ) ;
#1286 = CARTESIAN_POINT ( 'NONE',  ( -8.364999999999998437, -3.449999999999999734, -9.799999999999998934 ) ) ;
#1287 = AXIS2_PLACEMENT_3D ( 'NONE', #2159, #1456, #86 ) ;
#1288 = PLANE ( 'NONE',  #1077 ) ;
#1289 =( GEOMETRIC_REPRESENTATION_CONTEXT ( 3 ) GLOBAL_UNCERTAINTY_ASSIGNED_CONTEXT ( ( #408 ) ) GLOBAL_UNIT_ASSIGNED_CONTEXT ( ( #996, #942, #2114 ) ) REPRESENTATION_CONTEXT ( 'NONE', 'WORKASPACE' ) );
#1290 = ORIENTED_EDGE ( 'NONE', *, *, #930, .T. ) ;
#1291 = DIRECTION ( 'NONE',  ( 0.000000000000000000, -1.000000000000000000, 0.000000000000000000 ) ) ;
#1292 = EDGE_CURVE ( 'NONE', #1874, #275, #1476, .T. ) ;
#1293 = ORIENTED_EDGE ( 'NONE', *, *, #2556, .T. ) ;
#1294 = VECTOR ( 'NONE', #2947, 1000.000000000000000 ) ;
#1295 = EDGE_CURVE ( 'NONE', #977, #618, #548, .T. ) ;
#1296 = DIRECTION ( 'NONE',  ( 1.000000000000000000, 0.000000000000000000, 0.000000000000000000 ) ) ;
#1297 = PRODUCT_DEFINITION_FORMATION_WITH_SPECIFIED_SOURCE ( 'ANY', '', #737, .NOT_KNOWN. ) ;
#1298 = VERTEX_POINT ( 'NONE', #769 ) ;
#1299 = ORIENTED_EDGE ( 'NONE', *, *, #2056, .T. ) ;
#1300 = LINE ( 'NONE', #2702, #1002 ) ;
#1301 = ORIENTED_EDGE ( 'NONE', *, *, #638, .T. ) ;
#1302 = FACE_OUTER_BOUND ( 'NONE', #1369, .T. ) ;
#1303 = LINE ( 'NONE', #2449, #79 ) ;
#1304 = ORIENTED_EDGE ( 'NONE', *, *, #2391, .T. ) ;
#1305 = LINE ( 'NONE', #1472, #547 ) ;
#1306 = EDGE_LOOP ( 'NONE', ( #58, #2418, #1304, #651, #1293, #2135, #581, #1941 ) ) ;
#1307 = CARTESIAN_POINT ( 'NONE',  ( -10.92006769424999924, 0.000000000000000000, -16.15000000000000213 ) ) ;
#1308 = EDGE_CURVE ( 'NONE', #1740, #1610, #1699, .T. ) ;
#1309 = DIRECTION ( 'NONE',  ( 1.000000000000000000, 0.000000000000000000, 0.000000000000000000 ) ) ;
#1310 = EDGE_CURVE ( 'NONE', #1610, #1333, #1528, .T. ) ;
#1311 = ORIENTED_EDGE ( 'NONE', *, *, #1762, .F. ) ;
#1312 = DIRECTION ( 'NONE',  ( 1.000000000000000000, 0.000000000000000000, 0.000000000000000000 ) ) ;
#1313 = ORIENTED_EDGE ( 'NONE', *, *, #1348, .F. ) ;
#1314 = LINE ( 'NONE', #211, #2641 ) ;
#1315 = ADVANCED_FACE ( 'NONE', ( #2491 ), #628, .T. ) ;
#1316 = UNCERTAINTY_MEASURE_WITH_UNIT (LENGTH_MEASURE( 1.000000000000000082E-05 ), #2594, 'distance_accuracy_value', 'NONE');
#1317 = LINE ( 'NONE', #2706, #714 ) ;
#1318 = ORIENTED_EDGE ( 'NONE', *, *, #2983, .T. ) ;
#1319 = CARTESIAN_POINT ( 'NONE',  ( 8.364999999999998437, 0.000000000000000000, -8.250000000000000000 ) ) ;
#1320 = AXIS2_PLACEMENT_3D ( 'NONE', #1361, #2079, #934 ) ;
#1321 = ORIENTED_EDGE ( 'NONE', *, *, #690, .T. ) ;
#1322 = FACE_OUTER_BOUND ( 'NONE', #926, .T. ) ;
#1323 = DIRECTION ( 'NONE',  ( 0.000000000000000000, 0.000000000000000000, 1.000000000000000000 ) ) ;
#1324 = CARTESIAN_POINT ( 'NONE',  ( 0.000000000000000000, 8.139999999999998792, 3.000000000000000000 ) ) ;
#1325 = VECTOR ( 'NONE', #1405, 1000.000000000000000 ) ;
#1326 = DIRECTION ( 'NONE',  ( 0.000000000000000000, 0.000000000000000000, -1.000000000000000000 ) ) ;
#1327 = VECTOR ( 'NONE', #624, 1000.000000000000000 ) ;
#1328 = AXIS2_PLACEMENT_3D ( 'NONE', #2238, #2992, #2751 ) ;
#1329 = ORIENTED_EDGE ( 'NONE', *, *, #1343, .F. ) ;
#1330 = CARTESIAN_POINT ( 'NONE',  ( 7.865000000000000213, -3.449999999999999734, -17.25000000000000000 ) ) ;
#1331 = EDGE_CURVE ( 'NONE', #2667, #2769, #143, .T. ) ;
#1332 = MECHANICAL_DESIGN_GEOMETRIC_PRESENTATION_REPRESENTATION (  '', ( #2559 ), #1037 ) ;
#1333 = VERTEX_POINT ( 'NONE', #1558 ) ;
#1334 = CARTESIAN_POINT ( 'NONE',  ( 0.000000000000000000, 8.139999999999998792, 3.000000000000000000 ) ) ;
#1335 = ADVANCED_FACE ( 'NONE', ( #1774 ), #2699, .F. ) ;
#1336 = CIRCLE ( 'NONE', #1728, 0.5500000000000001554 ) ;
#1337 = DIRECTION ( 'NONE',  ( 0.000000000000000000, -1.000000000000000000, 0.000000000000000000 ) ) ;
#1338 = EDGE_LOOP ( 'NONE', ( #1513, #494 ) ) ;
#1339 = LINE ( 'NONE', #2756, #597 ) ;
#1340 = ORIENTED_EDGE ( 'NONE', *, *, #1850, .F. ) ;
#1341 = CARTESIAN_POINT ( 'NONE',  ( 8.364999999999998437, 0.2200000000000000011, -8.250000000000000000 ) ) ;
#1342 = CARTESIAN_POINT ( 'NONE',  ( 0.000000000000000000, 8.139999999999998792, 0.000000000000000000 ) ) ;
#1343 = EDGE_CURVE ( 'NONE', #782, #1171, #2460, .T. ) ;
#1344 = LINE ( 'NONE', #936, #844 ) ;
#1345 = AXIS2_PLACEMENT_3D ( 'NONE', #1630, #2784, #1356 ) ;
#1346 = DIRECTION ( 'NONE',  ( 0.000000000000000000, 0.8660254037844288266, -0.5000000000000169864 ) ) ;
#1347 = CIRCLE ( 'NONE', #959, 0.5500000000000001554 ) ;
#1348 = EDGE_CURVE ( 'NONE', #554, #717, #1277, .T. ) ;
#1349 = ORIENTED_EDGE ( 'NONE', *, *, #2435, .F. ) ;
#1350 = STYLED_ITEM ( 'NONE', ( #656 ), #2982 ) ;
#1351 = VERTEX_POINT ( 'NONE', #1822 ) ;
#1352 = DIRECTION ( 'NONE',  ( 0.000000000000000000, -0.000000000000000000, -1.000000000000000000 ) ) ;
#1353 = VERTEX_POINT ( 'NONE', #369 ) ;
#1354 = CARTESIAN_POINT ( 'NONE',  ( 7.865000000000000213, 0.2200000000000000011, -6.100000000000000533 ) ) ;
#1355 = ADVANCED_FACE ( 'NONE', ( #639 ), #1064, .F. ) ;
#1356 = DIRECTION ( 'NONE',  ( 1.000000000000000000, 0.000000000000000000, 0.000000000000000000 ) ) ;
#1357 = PRODUCT_RELATED_PRODUCT_CATEGORY ( 'part', '', ( #737 ) ) ;
#1358 = ORIENTED_EDGE ( 'NONE', *, *, #797, .F. ) ;
#1359 = LINE ( 'NONE', #3010, #1327 ) ;
#1360 = ORIENTED_EDGE ( 'NONE', *, *, #2476, .T. ) ;
#1361 = CARTESIAN_POINT ( 'NONE',  ( 0.000000000000000000, 8.139999999999998792, 0.000000000000000000 ) ) ;
#1362 = PLANE ( 'NONE',  #1623 ) ;
#1363 = PLANE ( 'NONE',  #313 ) ;
#1364 = ORIENTED_EDGE ( 'NONE', *, *, #2842, .T. ) ;
#1365 = VERTEX_POINT ( 'NONE', #418 ) ;
#1366 = CARTESIAN_POINT ( 'NONE',  ( 8.364999999999998437, 0.2200000000000000011, -1.899999999999999911 ) ) ;
#1367 = ORIENTED_EDGE ( 'NONE', *, *, #1972, .F. ) ;
#1368 = CARTESIAN_POINT ( 'NONE',  ( -8.364999999999998437, 0.000000000000000000, -8.250000000000000000 ) ) ;
#1369 = EDGE_LOOP ( 'NONE', ( #2429, #354, #2076, #2658 ) ) ;
#1370 = FACE_OUTER_BOUND ( 'NONE', #380, .T. ) ;
#1371 = ORIENTED_EDGE ( 'NONE', *, *, #2235, .F. ) ;
#1372 = CYLINDRICAL_SURFACE ( 'NONE', #944, 1.300000000000000711 ) ;
#1373 = ORIENTED_EDGE ( 'NONE', *, *, #1870, .T. ) ;
#1374 = CARTESIAN_POINT ( 'NONE',  ( -8.364999999999998437, 0.2200000000000000011, -8.250000000000000000 ) ) ;
#1375 =( NAMED_UNIT ( * ) PLANE_ANGLE_UNIT ( ) SI_UNIT ( $, .RADIAN. ) );
#1376 = PLANE ( 'NONE',  #2934 ) ;
#1377 = EDGE_CURVE ( 'NONE', #735, #1365, #2248, .T. ) ;
#1378 = LINE ( 'NONE', #1888, #2457 ) ;
#1379 = ORIENTED_EDGE ( 'NONE', *, *, #492, .T. ) ;
#1380 = CARTESIAN_POINT ( 'NONE',  ( 7.865000000000000213, 0.000000000000000000, -14.59999999999999964 ) ) ;
#1381 = CARTESIAN_POINT ( 'NONE',  ( -7.865000000000000213, 0.000000000000000000, -6.100000000000000533 ) ) ;
#1382 = ORIENTED_EDGE ( 'NONE', *, *, #1481, .T. ) ;
#1383 = DIRECTION ( 'NONE',  ( 0.000000000000000000, -1.000000000000000000, 0.000000000000000000 ) ) ;
#1384 = VECTOR ( 'NONE', #59, 1000.000000000000000 ) ;
#1385 = CARTESIAN_POINT ( 'NONE',  ( 8.364999999999998437, 0.000000000000000000, -1.899999999999999911 ) ) ;
#1386 = VECTOR ( 'NONE', #2128, 1000.000000000000000 ) ;
#1387 = ORIENTED_EDGE ( 'NONE', *, *, #2808, .F. ) ;
#1388 = EDGE_CURVE ( 'NONE', #2041, #469, #1596, .T. ) ;
#1389 = DIRECTION ( 'NONE',  ( 0.000000000000000000, -1.000000000000000000, 0.000000000000000000 ) ) ;
#1390 = AXIS2_PLACEMENT_3D ( 'NONE', #364, #2033, #2504 ) ;
#1391 = CARTESIAN_POINT ( 'NONE',  ( -3.801213018315060754, 8.139999999999998792, -21.92590392197771365 ) ) ;
#1392 = SURFACE_STYLE_FILL_AREA ( #1856 ) ;
#1393 = DIRECTION ( 'NONE',  ( 1.000000000000000000, 0.000000000000000000, 0.000000000000000000 ) ) ;
#1394 = CARTESIAN_POINT ( 'NONE',  ( 3.801213018315060754, 8.139999999999998792, -21.92590392197771365 ) ) ;
#1395 = EDGE_CURVE ( 'NONE', #1554, #618, #2279, .T. ) ;
#1396 = EDGE_CURVE ( 'NONE', #386, #1570, #2232, .T. ) ;
#1397 = VECTOR ( 'NONE', #1551, 1000.000000000000000 ) ;
#1399 = ORIENTED_EDGE ( 'NONE', *, *, #2919, .T. ) ;
#1398 = DIRECTION ( 'NONE',  ( -1.000000000000000000, 0.000000000000000000, 0.000000000000000000 ) ) ;
#1400 = AXIS2_PLACEMENT_3D ( 'NONE', #617, #2479, #326 ) ;
#1401 = CARTESIAN_POINT ( 'NONE',  ( 6.034658029382999445, 12.64375426377000089, 0.000000000000000000 ) ) ;
#1402 = ORIENTED_EDGE ( 'NONE', *, *, #708, .T. ) ;
#1403 = LINE ( 'NONE', #1834, #470 ) ;
#1404 = ORIENTED_EDGE ( 'NONE', *, *, #184, .F. ) ;
#1405 = DIRECTION ( 'NONE',  ( 0.000000000000000000, -1.000000000000000000, 0.000000000000000000 ) ) ;
#1406 = FILL_AREA_STYLE_COLOUR ( '', #2990 ) ;
#1407 = DIRECTION ( 'NONE',  ( 0.000000000000000000, -1.000000000000000000, 0.000000000000000000 ) ) ;
#1408 = DIRECTION ( 'NONE',  ( 1.000000000000000000, 0.000000000000000000, 0.000000000000000000 ) ) ;
#1409 = DIRECTION ( 'NONE',  ( 0.000000000000000000, 0.000000000000000000, 1.000000000000000000 ) ) ;
#1410 = LINE ( 'NONE', #2666, #472 ) ;
#1411 = EDGE_LOOP ( 'NONE', ( #809, #1823, #1700, #338 ) ) ;
#1412 = CARTESIAN_POINT ( 'NONE',  ( 8.364999999999998437, -3.449999999999999734, -3.449999999999999734 ) ) ;
#1413 = EDGE_LOOP ( 'NONE', ( #2903, #428, #1313, #1950 ) ) ;
#1414 = DIRECTION ( 'NONE',  ( 1.000000000000000000, 0.000000000000000000, 0.000000000000000000 ) ) ;
#1415 = EDGE_CURVE ( 'NONE', #623, #2142, #2048, .T. ) ;
#1416 = LINE ( 'NONE', #1374, #2358 ) ;
#1417 = APPLICATION_PROTOCOL_DEFINITION ( 'draft international standard', 'automotive_design', 1998, #301 ) ;
#1418 = FACE_OUTER_BOUND ( 'NONE', #200, .T. ) ;
#1419 = LINE ( 'NONE', #1156, #2562 ) ;
#1420 = CARTESIAN_POINT ( 'NONE',  ( 0.000000000000000000, 12.29000000000000092, 0.000000000000000000 ) ) ;
#1421 = DIRECTION ( 'NONE',  ( -1.000000000000000000, 0.000000000000000000, 0.000000000000000000 ) ) ;
#1422 = MECHANICAL_DESIGN_GEOMETRIC_PRESENTATION_REPRESENTATION (  '', ( #160 ), #2156 ) ;
#1423 = AXIS2_PLACEMENT_3D ( 'NONE', #2405, #1505, #840 ) ;
#1424 = ORIENTED_EDGE ( 'NONE', *, *, #1560, .T. ) ;
#1425 = DIRECTION ( 'NONE',  ( 1.000000000000000000, 0.000000000000000000, 0.000000000000000000 ) ) ;
#1426 = EDGE_CURVE ( 'NONE', #113, #2678, #176, .T. ) ;
#1427 = ORIENTED_EDGE ( 'NONE', *, *, #1445, .T. ) ;
#1428 = EDGE_CURVE ( 'NONE', #2485, #1284, #2745, .T. ) ;
#1429 = CARTESIAN_POINT ( 'NONE',  ( 9.099999999999999645, 8.139999999999998792, 0.000000000000000000 ) ) ;
#1430 = VECTOR ( 'NONE', #2172, 1000.000000000000000 ) ;
#1431 = LINE ( 'NONE', #2861, #253 ) ;
#1432 = DIRECTION ( 'NONE',  ( 0.000000000000000000, 1.219739817687517127E-16, -1.000000000000000000 ) ) ;
#1433 = DIRECTION ( 'NONE',  ( 0.000000000000000000, 0.000000000000000000, -1.000000000000000000 ) ) ;
#1434 = VECTOR ( 'NONE', #1622, 1000.000000000000000 ) ;
#1435 = DIRECTION ( 'NONE',  ( 0.000000000000000000, 0.000000000000000000, 1.000000000000000000 ) ) ;
#1436 = CIRCLE ( 'NONE', #1320, 7.530000000000001137 ) ;
#1437 = DIRECTION ( 'NONE',  ( 0.000000000000000000, 0.000000000000000000, 1.000000000000000000 ) ) ;
#1438 = DIRECTION ( 'NONE',  ( 0.000000000000000000, 0.000000000000000000, -1.000000000000000000 ) ) ;
#1439 = AXIS2_PLACEMENT_3D ( 'NONE', #1266, #2254, #855 ) ;
#1440 = ORIENTED_EDGE ( 'NONE', *, *, #2104, .F. ) ;
#1441 = CARTESIAN_POINT ( 'NONE',  ( 7.865000000000000213, 0.000000000000000000, -16.15000000000000213 ) ) ;
#1442 = VECTOR ( 'NONE', #111, 1000.000000000000000 ) ;
#1443 = ORIENTED_EDGE ( 'NONE', *, *, #1886, .T. ) ;
#1444 = FACE_OUTER_BOUND ( 'NONE', #1132, .T. ) ;
#1445 = EDGE_CURVE ( 'NONE', #2543, #124, #659, .T. ) ;
#1446 = VECTOR ( 'NONE', #2046, 1000.000000000000000 ) ;
#1447 = CARTESIAN_POINT ( 'NONE',  ( -7.865000000000000213, 0.000000000000000000, -12.44999999999999929 ) ) ;
#1448 = EDGE_CURVE ( 'NONE', #619, #1053, #1988, .T. ) ;
#1449 = DIRECTION ( 'NONE',  ( 0.000000000000000000, 0.000000000000000000, -1.000000000000000000 ) ) ;
#1450 = EDGE_CURVE ( 'NONE', #2020, #480, #2714, .T. ) ;
#1451 = CARTESIAN_POINT ( 'NONE',  ( 0.000000000000000000, 8.139999999999998792, -0.7384265961928611066 ) ) ;
#1452 = VERTEX_POINT ( 'NONE', #876 ) ;
#1453 = DIRECTION ( 'NONE',  ( 0.000000000000000000, 0.000000000000000000, -1.000000000000000000 ) ) ;
#1454 = CARTESIAN_POINT ( 'NONE',  ( -9.099999999999999645, 0.2200000000000000011, -20.60999999999999943 ) ) ;
#1455 = ORIENTED_EDGE ( 'NONE', *, *, #1280, .F. ) ;
#1456 = DIRECTION ( 'NONE',  ( 0.000000000000000000, 0.000000000000000000, -1.000000000000000000 ) ) ;
#1457 = ORIENTED_EDGE ( 'NONE', *, *, #2193, .F. ) ;
#1458 = FACE_OUTER_BOUND ( 'NONE', #2564, .T. ) ;
#1459 = DIRECTION ( 'NONE',  ( 0.9282377955828773342, 0.000000000000000000, 0.3719873584564943880 ) ) ;
#1460 = CARTESIAN_POINT ( 'NONE',  ( 6.034658029382999445, 12.64375426377000089, 0.000000000000000000 ) ) ;
#1461 = PLANE ( 'NONE',  #2892 ) ;
#1462 = EDGE_CURVE ( 'NONE', #773, #2945, #1419, .T. ) ;
#1463 = EDGE_LOOP ( 'NONE', ( #1099, #825, #1358, #2843 ) ) ;
#1464 = EDGE_CURVE ( 'NONE', #2991, #848, #2818, .T. ) ;
#1465 = FACE_OUTER_BOUND ( 'NONE', #1647, .T. ) ;
#1466 = VERTEX_POINT ( 'NONE', #1123 ) ;
#1467 = FACE_OUTER_BOUND ( 'NONE', #1144, .T. ) ;
#1468 = ORIENTED_EDGE ( 'NONE', *, *, #42, .F. ) ;
#1469 = CARTESIAN_POINT ( 'NONE',  ( 7.865000000000000213, 0.000000000000000000, -4.549999999999999822 ) ) ;
#1470 = DIRECTION ( 'NONE',  ( -0.9282377955828773342, 1.136763445208165974E-16, 0.3719873584564943880 ) ) ;
#1471 = DIRECTION ( 'NONE',  ( 0.000000000000000000, 0.000000000000000000, -1.000000000000000000 ) ) ;
#1472 = CARTESIAN_POINT ( 'NONE',  ( -8.364999999999998437, -3.449999999999999734, -16.15000000000000213 ) ) ;
#1473 = VECTOR ( 'NONE', #424, 1000.000000000000000 ) ;
#1474 = ORIENTED_EDGE ( 'NONE', *, *, #2376, .T. ) ;
#1475 = CARTESIAN_POINT ( 'NONE',  ( 7.865000000000000213, 0.000000000000000000, -17.25000000000000000 ) ) ;
#1476 = CIRCLE ( 'NONE', #221, 3.801213018315060754 ) ;
#1477 = ORIENTED_EDGE ( 'NONE', *, *, #722, .F. ) ;
#1478 = EDGE_CURVE ( 'NONE', #2273, #2441, #1169, .T. ) ;
#1479 = VECTOR ( 'NONE', #1999, 1000.000000000000000 ) ;
#1480 = CARTESIAN_POINT ( 'NONE',  ( 7.865000000000000213, 0.000000000000000000, -6.100000000000000533 ) ) ;
#1481 = EDGE_CURVE ( 'NONE', #187, #2945, #1378, .T. ) ;
#1482 = EDGE_CURVE ( 'NONE', #931, #681, #1609, .T. ) ;
#1483 = VERTEX_POINT ( 'NONE', #2807 ) ;
#1484 = CARTESIAN_POINT ( 'NONE',  ( 0.000000000000000000, 8.139999999999998792, -0.7384265961928611066 ) ) ;
#1485 = VERTEX_POINT ( 'NONE', #691 ) ;
#1486 = LINE ( 'NONE', #1469, #2209 ) ;
#1487 = VECTOR ( 'NONE', #969, 1000.000000000000000 ) ;
#1488 = CARTESIAN_POINT ( 'NONE',  ( -7.865000000000000213, 0.2200000000000000011, -1.899999999999999911 ) ) ;
#1489 = MECHANICAL_DESIGN_GEOMETRIC_PRESENTATION_REPRESENTATION (  '', ( #1095 ), #765 ) ;
#1490 = DIRECTION ( 'NONE',  ( 0.000000000000000000, 1.000000000000000000, 0.000000000000000000 ) ) ;
#1491 = DIRECTION ( 'NONE',  ( 1.000000000000000000, 0.000000000000000000, 0.000000000000000000 ) ) ;
#1492 = AXIS2_PLACEMENT_3D ( 'NONE', #1342, #1323, #2245 ) ;
#1493 = ORIENTED_EDGE ( 'NONE', *, *, #2689, .F. ) ;
#1494 = CARTESIAN_POINT ( 'NONE',  ( 7.865000000000000213, 0.000000000000000000, -9.799999999999998934 ) ) ;
#1495 = ORIENTED_EDGE ( 'NONE', *, *, #1692, .T. ) ;
#1496 = CARTESIAN_POINT ( 'NONE',  ( 8.364999999999998437, 0.000000000000000000, -18.80000000000000071 ) ) ;
#1497 = EDGE_CURVE ( 'NONE', #139, #2201, #2099, .T. ) ;
#1498 = ORIENTED_EDGE ( 'NONE', *, *, #395, .F. ) ;
#1499 = DIRECTION ( 'NONE',  ( 1.000000000000000000, 0.000000000000000000, 0.000000000000000000 ) ) ;
#1500 = ADVANCED_FACE ( 'NONE', ( #2525 ), #3014, .T. ) ;
#1501 = ORIENTED_EDGE ( 'NONE', *, *, #2106, .T. ) ;
#1502 = DIRECTION ( 'NONE',  ( 0.000000000000000000, 1.000000000000000000, 0.000000000000000000 ) ) ;
#1503 = CARTESIAN_POINT ( 'NONE',  ( 5.700000000000000178, 8.139999999999998792, 0.000000000000000000 ) ) ;
#1504 = CARTESIAN_POINT ( 'NONE',  ( 7.865000000000000213, 0.000000000000000000, -10.90000000000000036 ) ) ;
#1505 = DIRECTION ( 'NONE',  ( 0.000000000000000000, 0.000000000000000000, -1.000000000000000000 ) ) ;
#1506 = ORIENTED_EDGE ( 'NONE', *, *, #2139, .T. ) ;
#1507 = CARTESIAN_POINT ( 'NONE',  ( 7.865000000000000213, 0.2200000000000000011, -14.59999999999999964 ) ) ;
#1508 = FACE_OUTER_BOUND ( 'NONE', #1162, .T. ) ;
#1509 = ORIENTED_EDGE ( 'NONE', *, *, #1173, .T. ) ;
#1510 = FACE_OUTER_BOUND ( 'NONE', #2880, .T. ) ;
#1511 = EDGE_LOOP ( 'NONE', ( #414, #1709, #2832, #2393 ) ) ;
#1512 = CARTESIAN_POINT ( 'NONE',  ( -8.364999999999998437, 0.2200000000000000011, -14.59999999999999964 ) ) ;
#1513 = ORIENTED_EDGE ( 'NONE', *, *, #949, .F. ) ;
#1514 = DIRECTION ( 'NONE',  ( 0.000000000000000000, 0.000000000000000000, 1.000000000000000000 ) ) ;
#1515 = ORIENTED_EDGE ( 'NONE', *, *, #910, .T. ) ;
#1516 = EDGE_CURVE ( 'NONE', #1628, #811, #24, .T. ) ;
#1517 = LINE ( 'NONE', #1286, #1979 ) ;
#1518 = ADVANCED_FACE ( 'NONE', ( #2110 ), #953, .T. ) ;
#1519 = CLOSED_SHELL ( 'NONE', ( #2838, #2530, #822, #610, #2547, #2415, #1198, #2921, #242, #2267 ) ) ;
#1520 = CARTESIAN_POINT ( 'NONE',  ( 4.349999999999999645, 3.924999999999999822, -20.60999999999999943 ) ) ;
#1521 = FACE_OUTER_BOUND ( 'NONE', #945, .T. ) ;
#1522 = AXIS2_PLACEMENT_3D ( 'NONE', #2610, #1168, #2140 ) ;
#1523 = ORIENTED_EDGE ( 'NONE', *, *, #981, .F. ) ;
#1524 = LINE ( 'NONE', #2230, #553 ) ;
#1525 = CARTESIAN_POINT ( 'NONE',  ( -10.92006769424999924, -3.449999999999999734, -4.000000000000000000 ) ) ;
#1526 = ORIENTED_EDGE ( 'NONE', *, *, #482, .T. ) ;
#1527 = AXIS2_PLACEMENT_3D ( 'NONE', #1113, #1085, #2770 ) ;
#1528 = LINE ( 'NONE', #1758, #2888 ) ;
#1529 = PRESENTATION_LAYER_ASSIGNMENT (  '', '', ( #2559 ) ) ;
#1530 = VECTOR ( 'NONE', #676, 1000.000000000000000 ) ;
#1531 = ORIENTED_EDGE ( 'NONE', *, *, #1292, .T. ) ;
#1532 = DIRECTION ( 'NONE',  ( 0.000000000000000000, 0.000000000000000000, -1.000000000000000000 ) ) ;
#1533 = ORIENTED_EDGE ( 'NONE', *, *, #2746, .T. ) ;
#1534 = CARTESIAN_POINT ( 'NONE',  ( -10.92006769424999924, 0.000000000000000000, -10.90000000000000036 ) ) ;
#1535 = ORIENTED_EDGE ( 'NONE', *, *, #267, .T. ) ;
#1536 = DIRECTION ( 'NONE',  ( 0.000000000000000000, 0.000000000000000000, -1.000000000000000000 ) ) ;
#1537 = ORIENTED_EDGE ( 'NONE', *, *, #1863, .T. ) ;
#1538 = DIRECTION ( 'NONE',  ( 0.000000000000000000, 1.000000000000000000, 0.000000000000000000 ) ) ;
#1539 = EDGE_CURVE ( 'NONE', #2720, #1734, #1336, .T. ) ;
#1540 = EDGE_CURVE ( 'NONE', #2204, #2858, #1639, .T. ) ;
#1541 = VECTOR ( 'NONE', #1828, 1000.000000000000000 ) ;
#1542 = ORIENTED_EDGE ( 'NONE', *, *, #1645, .T. ) ;
#1543 = LINE ( 'NONE', #2665, #2608 ) ;
#1544 = SURFACE_STYLE_USAGE ( .BOTH. , #611 ) ;
#1545 = ORIENTED_EDGE ( 'NONE', *, *, #2067, .T. ) ;
#1546 = DIRECTION ( 'NONE',  ( 1.000000000000000000, 0.000000000000000000, 0.000000000000000000 ) ) ;
#1547 = ORIENTED_EDGE ( 'NONE', *, *, #68, .F. ) ;
#1548 = CARTESIAN_POINT ( 'NONE',  ( -6.980486755139913108E-16, 13.83999999999999986, 4.326499999999999346 ) ) ;
#1549 = ORIENTED_EDGE ( 'NONE', *, *, #2307, .T. ) ;
#1550 = FACE_OUTER_BOUND ( 'NONE', #393, .T. ) ;
#1551 = DIRECTION ( 'NONE',  ( 1.000000000000000000, 0.000000000000000000, 0.000000000000000000 ) ) ;
#1552 = ORIENTED_EDGE ( 'NONE', *, *, #1937, .F. ) ;
#1553 = CARTESIAN_POINT ( 'NONE',  ( 9.079617834395000031, 12.49070063694000154, -20.60999999999999943 ) ) ;
#1554 = VERTEX_POINT ( 'NONE', #923 ) ;
#1555 = CARTESIAN_POINT ( 'NONE',  ( -8.364999999999998437, -3.449999999999999734, -10.90000000000000036 ) ) ;
#1556 = SURFACE_STYLE_FILL_AREA ( #1817 ) ;
#1557 = ORIENTED_EDGE ( 'NONE', *, *, #101, .T. ) ;
#1558 = CARTESIAN_POINT ( 'NONE',  ( 8.364999999999998437, 0.000000000000000000, -9.799999999999998934 ) ) ;
#1559 = EDGE_CURVE ( 'NONE', #1723, #1353, #2324, .T. ) ;
#1560 = EDGE_CURVE ( 'NONE', #1152, #2541, #2264, .T. ) ;
#1561 = ORIENTED_EDGE ( 'NONE', *, *, #2948, .T. ) ;
#1562 = DIRECTION ( 'NONE',  ( 0.000000000000000000, 0.000000000000000000, 1.000000000000000000 ) ) ;
#1563 = CIRCLE ( 'NONE', #1134, 5.700000000000000178 ) ;
#1564 = ORIENTED_EDGE ( 'NONE', *, *, #2124, .T. ) ;
#1565 = CARTESIAN_POINT ( 'NONE',  ( 7.865000000000000213, 0.2200000000000000011, -14.59999999999999964 ) ) ;
#1566 = UNCERTAINTY_MEASURE_WITH_UNIT (LENGTH_MEASURE( 1.000000000000000082E-05 ), #77, 'distance_accuracy_value', 'NONE');
#1567 = CARTESIAN_POINT ( 'NONE',  ( 8.364999999999998437, 0.2200000000000000011, -14.59999999999999964 ) ) ;
#1568 = VERTEX_POINT ( 'NONE', #1857 ) ;
#1569 = DIRECTION ( 'NONE',  ( -0.000000000000000000, 1.000000000000000000, 0.000000000000000000 ) ) ;
#1570 = VERTEX_POINT ( 'NONE', #241 ) ;
#1571 = DIRECTION ( 'NONE',  ( 0.000000000000000000, -1.000000000000000000, 0.000000000000000000 ) ) ;
#1572 =( LENGTH_UNIT ( ) NAMED_UNIT ( * ) SI_UNIT ( .MILLI., .METRE. ) );
#1573 = MECHANICAL_DESIGN_GEOMETRIC_PRESENTATION_REPRESENTATION (  '', ( #2882 ), #1960 ) ;
#1574 = DIRECTION ( 'NONE',  ( 0.000000000000000000, 0.000000000000000000, -1.000000000000000000 ) ) ;
#1575 = VECTOR ( 'NONE', #2709, 1000.000000000000000 ) ;
#1576 = CARTESIAN_POINT ( 'NONE',  ( 7.865000000000000213, 0.2200000000000000011, -1.899999999999999911 ) ) ;
#1577 = AXIS2_PLACEMENT_3D ( 'NONE', #1733, #571, #1502 ) ;
#1578 = ADVANCED_FACE ( 'NONE', ( #447 ), #1363, .F. ) ;
#1579 = CIRCLE ( 'NONE', #2115, 0.5500000000000001554 ) ;
#1580 = EDGE_LOOP ( 'NONE', ( #1025, #2224, #757, #1935 ) ) ;
#1581 = PRODUCT_DEFINITION ( 'UNKNOWN', '', #1297, #2354 ) ;
#1582 = DIRECTION ( 'NONE',  ( 0.000000000000000000, -1.000000000000000000, 0.000000000000000000 ) ) ;
#1583 = VECTOR ( 'NONE', #1770, 1000.000000000000000 ) ;
#1584 = EDGE_LOOP ( 'NONE', ( #1912, #2972, #2717, #1659 ) ) ;
#1585 = DIRECTION ( 'NONE',  ( 1.000000000000000000, 0.000000000000000000, 0.000000000000000000 ) ) ;
#1586 = ADVANCED_FACE ( 'NONE', ( #2778 ), #2291, .F. ) ;
#1587 = VECTOR ( 'NONE', #673, 1000.000000000000000 ) ;
#1588 = DIRECTION ( 'NONE',  ( 0.000000000000000000, 1.000000000000000000, 0.000000000000000000 ) ) ;
#1589 = ORIENTED_EDGE ( 'NONE', *, *, #2967, .F. ) ;
#1590 = DIRECTION ( 'NONE',  ( -1.000000000000000000, 0.000000000000000000, 0.000000000000000000 ) ) ;
#1591 = ORIENTED_EDGE ( 'NONE', *, *, #549, .F. ) ;
#1592 = DIRECTION ( 'NONE',  ( 0.000000000000000000, -1.000000000000000000, 0.000000000000000000 ) ) ;
#1593 =( NAMED_UNIT ( * ) SI_UNIT ( $, .STERADIAN. ) SOLID_ANGLE_UNIT ( ) );
#1594 = CARTESIAN_POINT ( 'NONE',  ( 0.000000000000000000, 8.139999999999998792, 4.326499999999999346 ) ) ;
#1595 = AXIS2_PLACEMENT_3D ( 'NONE', #983, #1012, #2578 ) ;
#1596 = LINE ( 'NONE', #1806, #2168 ) ;
#1597 = AXIS2_PLACEMENT_3D ( 'NONE', #1454, #2368, #1892 ) ;
#1598 = EDGE_LOOP ( 'NONE', ( #2119, #206, #1424, #1218, #2698, #612, #616, #865 ) ) ;
#1599 = DIRECTION ( 'NONE',  ( 0.000000000000000000, -1.000000000000000000, 0.000000000000000000 ) ) ;
#1600 = VERTEX_POINT ( 'NONE', #1842 ) ;
#1601 = DIRECTION ( 'NONE',  ( 0.000000000000000000, 0.000000000000000000, 1.000000000000000000 ) ) ;
#1602 = DIRECTION ( 'NONE',  ( -1.000000000000000000, 0.000000000000000000, 0.000000000000000000 ) ) ;
#1603 = EDGE_CURVE ( 'NONE', #2409, #1213, #1651, .T. ) ;
#1604 = EDGE_LOOP ( 'NONE', ( #1653, #1656, #591, #233 ) ) ;
#1605 = DIRECTION ( 'NONE',  ( -1.000000000000000000, 0.000000000000000000, 0.000000000000000000 ) ) ;
#1606 = VERTEX_POINT ( 'NONE', #2584 ) ;
#1607 = DIRECTION ( 'NONE',  ( 0.000000000000000000, 0.000000000000000000, 1.000000000000000000 ) ) ;
#1608 =( NAMED_UNIT ( * ) SI_UNIT ( $, .STERADIAN. ) SOLID_ANGLE_UNIT ( ) );
#1609 = LINE ( 'NONE', #905, #2604 ) ;
#1610 = VERTEX_POINT ( 'NONE', #1494 ) ;
#1611 = CARTESIAN_POINT ( 'NONE',  ( 0.000000000000000000, 8.139999999999998792, 3.000000000000000000 ) ) ;
#1612 = LINE ( 'NONE', #2493, #2413 ) ;
#1613 = ORIENTED_EDGE ( 'NONE', *, *, #1539, .T. ) ;
#1614 = CYLINDRICAL_SURFACE ( 'NONE', #702, 3.801213018315060754 ) ;
#1615 = CARTESIAN_POINT ( 'NONE',  ( 6.806468129806999556, 13.55838799068000000, 0.000000000000000000 ) ) ;
#1616 = ORIENTED_EDGE ( 'NONE', *, *, #1707, .T. ) ;
#1617 = DIRECTION ( 'NONE',  ( 1.000000000000000000, 0.000000000000000000, 0.000000000000000000 ) ) ;
#1618 = LINE ( 'NONE', #459, #1587 ) ;
#1619 = ADVANCED_FACE ( 'NONE', ( #2878 ), #504, .F. ) ;
#1620 =( NAMED_UNIT ( * ) SI_UNIT ( $, .STERADIAN. ) SOLID_ANGLE_UNIT ( ) );
#1621 = DIRECTION ( 'NONE',  ( 0.000000000000000000, 0.000000000000000000, -1.000000000000000000 ) ) ;
#1622 = DIRECTION ( 'NONE',  ( 0.9282377955828773342, 0.000000000000000000, 0.3719873584564943880 ) ) ;
#1623 = AXIS2_PLACEMENT_3D ( 'NONE', #2062, #2524, #2505 ) ;
#1624 = ADVANCED_FACE ( 'NONE', ( #2170 ), #1929, .T. ) ;
#1625 = DIRECTION ( 'NONE',  ( -0.000000000000000000, -0.000000000000000000, 1.000000000000000000 ) ) ;
#1626 = AXIS2_PLACEMENT_3D ( 'NONE', #858, #2486, #392 ) ;
#1627 = CARTESIAN_POINT ( 'NONE',  ( 7.865000000000000213, 0.2200000000000000011, -12.44999999999999929 ) ) ;
#1628 = VERTEX_POINT ( 'NONE', #990 ) ;
#1629 = AXIS2_PLACEMENT_3D ( 'NONE', #1429, #2619, #2827 ) ;
#1630 = CARTESIAN_POINT ( 'NONE',  ( -10.92006769424999924, 0.000000000000000000, -12.44999999999999929 ) ) ;
#1631 = AXIS2_PLACEMENT_3D ( 'NONE', #1611, #1641, #2575 ) ;
#1632 = ORIENTED_EDGE ( 'NONE', *, *, #2983, .F. ) ;
#1633 = LINE ( 'NONE', #2332, #647 ) ;
#1634 = AXIS2_PLACEMENT_3D ( 'NONE', #190, #2219, #1296 ) ;
#1635 = FILL_AREA_STYLE ('',( #1406 ) ) ;
#1636 = SURFACE_STYLE_USAGE ( .BOTH. , #518 ) ;
#1637 = ADVANCED_FACE ( 'NONE', ( #1243 ), #532, .T. ) ;
#1638 = FACE_OUTER_BOUND ( 'NONE', #2950, .T. ) ;
#1639 = LINE ( 'NONE', #937, #416 ) ;
#1640 = AXIS2_PLACEMENT_3D ( 'NONE', #274, #2628, #2177 ) ;
#1642 = ORIENTED_EDGE ( 'NONE', *, *, #2085, .T. ) ;
#1641 = DIRECTION ( 'NONE',  ( 0.000000000000000000, 0.000000000000000000, -1.000000000000000000 ) ) ;
#1643 = COLOUR_RGB ( '',0.7960784313725489669, 0.8235294117647058432, 0.9372549019607843146 ) ;
#1644 = LINE ( 'NONE', #41, #1843 ) ;
#1645 = EDGE_CURVE ( 'NONE', #2243, #645, #2898, .T. ) ;
#1646 = DIRECTION ( 'NONE',  ( 0.000000000000000000, 1.000000000000000000, 0.000000000000000000 ) ) ;
#1647 = EDGE_LOOP ( 'NONE', ( #2579, #2978 ) ) ;
#1648 = DIRECTION ( 'NONE',  ( 1.000000000000000000, 0.000000000000000000, 0.000000000000000000 ) ) ;
#1649 = CARTESIAN_POINT ( 'NONE',  ( 0.000000000000000000, 12.29000000000000092, 3.000000000000000000 ) ) ;
#1650 = CARTESIAN_POINT ( 'NONE',  ( -7.865000000000000213, 0.2200000000000000011, -18.80000000000000071 ) ) ;
#1651 = LINE ( 'NONE', #1871, #1679 ) ;
#1653 = ORIENTED_EDGE ( 'NONE', *, *, #367, .T. ) ;
#1652 = DIRECTION ( 'NONE',  ( 0.000000000000000000, 0.000000000000000000, -1.000000000000000000 ) ) ;
#1654 = LINE ( 'NONE', #509, #2031 ) ;
#1655 = EDGE_CURVE ( 'NONE', #332, #1102, #2508, .T. ) ;
#1656 = ORIENTED_EDGE ( 'NONE', *, *, #1448, .T. ) ;
#1657 = UNCERTAINTY_MEASURE_WITH_UNIT (LENGTH_MEASURE( 1.000000000000000082E-05 ), #2777, 'distance_accuracy_value', 'NONE');
#1658 = PLANE ( 'NONE',  #1093 ) ;
#1659 = ORIENTED_EDGE ( 'NONE', *, *, #1540, .F. ) ;
#1660 = FACE_OUTER_BOUND ( 'NONE', #2038, .T. ) ;
#1661 = VECTOR ( 'NONE', #2373, 1000.000000000000000 ) ;
#1662 = DIRECTION ( 'NONE',  ( 0.000000000000000000, 0.000000000000000000, -1.000000000000000000 ) ) ;
#1663 =( LENGTH_UNIT ( ) NAMED_UNIT ( * ) SI_UNIT ( .MILLI., .METRE. ) );
#1664 = DIRECTION ( 'NONE',  ( 0.000000000000000000, -1.000000000000000000, 0.000000000000000000 ) ) ;
#1665 = CARTESIAN_POINT ( 'NONE',  ( -7.865000000000000213, 0.000000000000000000, -10.90000000000000036 ) ) ;
#1666 = CARTESIAN_POINT ( 'NONE',  ( -6.980486755139913108E-16, 13.83999999999999986, -0.7384265961928611066 ) ) ;
#1667 = DIRECTION ( 'NONE',  ( 0.000000000000000000, 0.000000000000000000, -1.000000000000000000 ) ) ;
#1668 = ADVANCED_FACE ( 'NONE', ( #2199 ), #2623, .T. ) ;
#1669 = ADVANCED_FACE ( 'NONE', ( #781 ), #1021, .T. ) ;
#1670 = VECTOR ( 'NONE', #2774, 1000.000000000000000 ) ;
#1671 = DIRECTION ( 'NONE',  ( 0.000000000000000000, 0.000000000000000000, 1.000000000000000000 ) ) ;
#1672 = CIRCLE ( 'NONE', #168, 0.5499999999999983791 ) ;
#1673 = ORIENTED_EDGE ( 'NONE', *, *, #1197, .F. ) ;
#1674 = CARTESIAN_POINT ( 'NONE',  ( 0.000000000000000000, 8.139999999999998792, 0.000000000000000000 ) ) ;
#1675 = AXIS2_PLACEMENT_3D ( 'NONE', #1890, #2796, #1858 ) ;
#1676 = DIRECTION ( 'NONE',  ( 0.000000000000000000, 0.000000000000000000, -1.000000000000000000 ) ) ;
#1677 = APPLICATION_PROTOCOL_DEFINITION ( 'draft international standard', 'automotive_design', 1998, #2955 ) ;
#1678 = DIRECTION ( 'NONE',  ( -1.000000000000000000, 0.000000000000000000, 0.000000000000000000 ) ) ;
#1679 = VECTOR ( 'NONE', #2336, 1000.000000000000000 ) ;
#1680 = DIRECTION ( 'NONE',  ( -1.000000000000000000, 0.000000000000000000, 0.000000000000000000 ) ) ;
#1681 = AXIS2_PLACEMENT_3D ( 'NONE', #2045, #188, #818 ) ;
#1682 = ORIENTED_EDGE ( 'NONE', *, *, #1803, .T. ) ;
#1683 = PLANE ( 'NONE',  #2015 ) ;
#1684 = DIRECTION ( 'NONE',  ( 0.000000000000000000, 1.000000000000000000, 0.000000000000000000 ) ) ;
#1685 = VECTOR ( 'NONE', #1588, 1000.000000000000000 ) ;
#1686 = VECTOR ( 'NONE', #468, 1000.000000000000000 ) ;
#1687 = ORIENTED_EDGE ( 'NONE', *, *, #1209, .F. ) ;
#1688 = CARTESIAN_POINT ( 'NONE',  ( 0.000000000000000000, 8.139999999999998792, 3.000000000000000000 ) ) ;
#1689 = COLOUR_RGB ( '',0.7960784313725489669, 0.8235294117647058432, 0.9372549019607843146 ) ;
#1690 = ORIENTED_EDGE ( 'NONE', *, *, #930, .F. ) ;
#1691 = LINE ( 'NONE', #2580, #217 ) ;
#1692 = EDGE_CURVE ( 'NONE', #2201, #1743, #2841, .T. ) ;
#1693 = DIRECTION ( 'NONE',  ( 0.000000000000000000, 0.000000000000000000, 1.000000000000000000 ) ) ;
#1694 = ADVANCED_FACE ( 'NONE', ( #1947 ), #1461, .F. ) ;
#1695 = PLANE ( 'NONE',  #1522 ) ;
#1696 = EDGE_CURVE ( 'NONE', #2222, #180, #63, .T. ) ;
#1697 = DIRECTION ( 'NONE',  ( 0.000000000000000000, -1.000000000000000000, 0.000000000000000000 ) ) ;
#1698 = ORIENTED_EDGE ( 'NONE', *, *, #1482, .F. ) ;
#1699 = LINE ( 'NONE', #2918, #1178 ) ;
#1700 = ORIENTED_EDGE ( 'NONE', *, *, #783, .F. ) ;
#1701 = CARTESIAN_POINT ( 'NONE',  ( -7.865000000000000213, 0.2200000000000000011, -14.59999999999999964 ) ) ;
#1702 = EDGE_LOOP ( 'NONE', ( #1244, #1493, #1301, #2687 ) ) ;
#1703 = DIRECTION ( 'NONE',  ( 1.000000000000000000, 0.000000000000000000, 0.000000000000000000 ) ) ;
#1704 =( NAMED_UNIT ( * ) SI_UNIT ( $, .STERADIAN. ) SOLID_ANGLE_UNIT ( ) );
#1705 = PRESENTATION_STYLE_ASSIGNMENT (( #1982 ) ) ;
#1706 = LINE ( 'NONE', #814, #1820 ) ;
#1707 = EDGE_CURVE ( 'NONE', #2678, #120, #2634, .T. ) ;
#1708 = VECTOR ( 'NONE', #317, 1000.000000000000000 ) ;
#1709 = ORIENTED_EDGE ( 'NONE', *, *, #1847, .T. ) ;
#1710 = CARTESIAN_POINT ( 'NONE',  ( 0.000000000000000000, 8.139999999999998792, -20.60999999999999943 ) ) ;
#1711 = ORIENTED_EDGE ( 'NONE', *, *, #888, .T. ) ;
#1712 = DIRECTION ( 'NONE',  ( 0.000000000000000000, -1.000000000000000000, 0.000000000000000000 ) ) ;
#1713 = VERTEX_POINT ( 'NONE', #1475 ) ;
#1714 = DIRECTION ( 'NONE',  ( -1.000000000000000000, 0.000000000000000000, 0.000000000000000000 ) ) ;
#1715 = ORIENTED_EDGE ( 'NONE', *, *, #2362, .T. ) ;
#1716 = DIRECTION ( 'NONE',  ( 0.000000000000000000, 0.000000000000000000, -1.000000000000000000 ) ) ;
#1717 = AXIS2_PLACEMENT_3D ( 'NONE', #2375, #2167, #2109 ) ;
#1718 = LINE ( 'NONE', #776, #976 ) ;
#1719 = AXIS2_PLACEMENT_3D ( 'NONE', #1334, #2253, #632 ) ;
#1720 = CARTESIAN_POINT ( 'NONE',  ( 0.000000000000000000, 8.139999999999998792, 0.000000000000000000 ) ) ;
#1721 = LINE ( 'NONE', #331, #2009 ) ;
#1722 = AXIS2_PLACEMENT_3D ( 'NONE', #1069, #1830, #646 ) ;
#1723 = VERTEX_POINT ( 'NONE', #1208 ) ;
#1724 = CARTESIAN_POINT ( 'NONE',  ( -8.364999999999998437, -3.449999999999999734, -4.549999999999999822 ) ) ;
#1725 = ADVANCED_FACE ( 'NONE', ( #796 ), #2150, .T. ) ;
#1726 = AXIS2_PLACEMENT_3D ( 'NONE', #955, #2766, #723 ) ;
#1727 = VERTEX_POINT ( 'NONE', #93 ) ;
#1728 = AXIS2_PLACEMENT_3D ( 'NONE', #2793, #2540, #1140 ) ;
#1729 = CARTESIAN_POINT ( 'NONE',  ( 7.865000000000000213, -3.449999999999999734, -9.799999999999998934 ) ) ;
#1730 = ORIENTED_EDGE ( 'NONE', *, *, #2085, .F. ) ;
#1731 = CARTESIAN_POINT ( 'NONE',  ( 7.865000000000000213, 0.2200000000000000011, -18.80000000000000071 ) ) ;
#1732 = ORIENTED_EDGE ( 'NONE', *, *, #2391, .F. ) ;
#1733 = CARTESIAN_POINT ( 'NONE',  ( 0.000000000000000000, 8.139999999999998792, 0.000000000000000000 ) ) ;
#1734 = VERTEX_POINT ( 'NONE', #1724 ) ;
#1735 = VECTOR ( 'NONE', #46, 1000.000000000000000 ) ;
#1736 = DIRECTION ( 'NONE',  ( -1.000000000000000000, 0.000000000000000000, 0.000000000000000000 ) ) ;
#1737 = VECTOR ( 'NONE', #2001, 1000.000000000000000 ) ;
#1738 = FILL_AREA_STYLE_COLOUR ( '', #2644 ) ;
#1739 = DIRECTION ( 'NONE',  ( 0.000000000000000000, -0.000000000000000000, 1.000000000000000000 ) ) ;
#1740 = VERTEX_POINT ( 'NONE', #2650 ) ;
#1741 = CARTESIAN_POINT ( 'NONE',  ( 7.865000000000000213, 0.000000000000000000, -17.25000000000000000 ) ) ;
#1742 = FILL_AREA_STYLE ('',( #1214 ) ) ;
#1743 = VERTEX_POINT ( 'NONE', #2596 ) ;
#1744 = CARTESIAN_POINT ( 'NONE',  ( -8.364999999999998437, 0.2200000000000000011, -14.59999999999999964 ) ) ;
#1745 = ORIENTED_EDGE ( 'NONE', *, *, #2106, .F. ) ;
#1746 = ADVANCED_FACE ( 'NONE', ( #561, #1033 ), #1969, .F. ) ;
#1747 = CARTESIAN_POINT ( 'NONE',  ( -3.250000000000000000, 8.139999999999998792, 0.000000000000000000 ) ) ;
#1748 = ORIENTED_EDGE ( 'NONE', *, *, #1150, .F. ) ;
#1749 = LINE ( 'NONE', #315, #351 ) ;
#1750 = ORIENTED_EDGE ( 'NONE', *, *, #2435, .T. ) ;
#1751 = CARTESIAN_POINT ( 'NONE',  ( -8.364999999999998437, 0.2200000000000000011, -18.80000000000000071 ) ) ;
#1752 = PRESENTATION_STYLE_ASSIGNMENT (( #330 ) ) ;
#1753 = DIRECTION ( 'NONE',  ( 0.000000000000000000, 0.000000000000000000, -1.000000000000000000 ) ) ;
#1754 = EDGE_LOOP ( 'NONE', ( #1533, #1918, #130, #625 ) ) ;
#1755 = PLANE ( 'NONE',  #1390 ) ;
#1756 = DIRECTION ( 'NONE',  ( -1.000000000000000000, 0.000000000000000000, 0.000000000000000000 ) ) ;
#1757 = CARTESIAN_POINT ( 'NONE',  ( 0.000000000000000000, 8.139999999999998792, -23.44922391211617452 ) ) ;
#1758 = CARTESIAN_POINT ( 'NONE',  ( 7.865000000000000213, 0.000000000000000000, -9.799999999999998934 ) ) ;
#1759 = ORIENTED_EDGE ( 'NONE', *, *, #531, .F. ) ;
#1760 = DIRECTION ( 'NONE',  ( 0.000000000000000000, 0.000000000000000000, -1.000000000000000000 ) ) ;
#1761 = ORIENTED_EDGE ( 'NONE', *, *, #96, .F. ) ;
#1762 = EDGE_CURVE ( 'NONE', #5, #275, #2259, .T. ) ;
#1763 = CARTESIAN_POINT ( 'NONE',  ( 8.300000000000000711, 8.139999999999998792, 0.000000000000000000 ) ) ;
#1764 = EDGE_LOOP ( 'NONE', ( #562, #163, #1013, #2755 ) ) ;
#1765 = VECTOR ( 'NONE', #249, 1000.000000000000000 ) ;
#1766 = CARTESIAN_POINT ( 'NONE',  ( 7.865000000000000213, 0.2200000000000000011, -6.100000000000000533 ) ) ;
#1767 = CARTESIAN_POINT ( 'NONE',  ( 0.000000000000000000, 2.439999999999999503, -0.7384265961928611066 ) ) ;
#1768 = VECTOR ( 'NONE', #2913, 1000.000000000000000 ) ;
#1769 = ORIENTED_EDGE ( 'NONE', *, *, #1415, .F. ) ;
#1770 = DIRECTION ( 'NONE',  ( 0.000000000000000000, 0.000000000000000000, 1.000000000000000000 ) ) ;
#1771 = FILL_AREA_STYLE_COLOUR ( '', #1689 ) ;
#1772 = ORIENTED_EDGE ( 'NONE', *, *, #797, .T. ) ;
#1773 = VECTOR ( 'NONE', #2147, 1000.000000000000000 ) ;
#1774 = FACE_OUTER_BOUND ( 'NONE', #833, .T. ) ;
#1775 = VECTOR ( 'NONE', #2586, 1000.000000000000000 ) ;
#1776 = AXIS2_PLACEMENT_3D ( 'NONE', #1091, #2439, #1074 ) ;
#1777 = ORIENTED_EDGE ( 'NONE', *, *, #340, .F. ) ;
#1778 = DIRECTION ( 'NONE',  ( 0.000000000000000000, 0.000000000000000000, 1.000000000000000000 ) ) ;
#1779 = ORIENTED_EDGE ( 'NONE', *, *, #1395, .F. ) ;
#1780 = DIRECTION ( 'NONE',  ( 1.000000000000000000, 0.000000000000000000, 0.000000000000000000 ) ) ;
#1781 = FACE_OUTER_BOUND ( 'NONE', #1127, .T. ) ;
#1782 = VECTOR ( 'NONE', #471, 1000.000000000000000 ) ;
#1783 = ORIENTED_EDGE ( 'NONE', *, *, #910, .F. ) ;
#1784 = DIRECTION ( 'NONE',  ( 1.000000000000000000, 0.000000000000000000, 1.421085471520000159E-14 ) ) ;
#1785 = EDGE_CURVE ( 'NONE', #1261, #2624, #2697, .T. ) ;
#1786 = VECTOR ( 'NONE', #524, 1000.000000000000000 ) ;
#1787 = ORIENTED_EDGE ( 'NONE', *, *, #50, .T. ) ;
#1788 = CARTESIAN_POINT ( 'NONE',  ( -7.530000000000000249, 8.139999999999998792, 0.000000000000000000 ) ) ;
#1789 = EDGE_CURVE ( 'NONE', #1466, #1740, #1524, .T. ) ;
#1790 = LINE ( 'NONE', #2742, #1446 ) ;
#1791 = PRESENTATION_STYLE_ASSIGNMENT (( #1063 ) ) ;
#1792 = DIRECTION ( 'NONE',  ( 0.000000000000000000, -1.000000000000000000, 0.000000000000000000 ) ) ;
#1793 = VERTEX_POINT ( 'NONE', #1985 ) ;
#1794 = LINE ( 'NONE', #1330, #83 ) ;
#1795 = EDGE_LOOP ( 'NONE', ( #1367, #228, #712, #1748 ) ) ;
#1796 = FACE_OUTER_BOUND ( 'NONE', #1088, .T. ) ;
#1797 = PLANE ( 'NONE',  #2701 ) ;
#1798 = VERTEX_POINT ( 'NONE', #121 ) ;
#1799 = CARTESIAN_POINT ( 'NONE',  ( -8.364999999999998437, 0.2200000000000000011, -12.44999999999999929 ) ) ;
#1800 = ORIENTED_EDGE ( 'NONE', *, *, #400, .F. ) ;
#1801 = CARTESIAN_POINT ( 'NONE',  ( 0.000000000000000000, 2.439999999999999503, 3.000000000000000000 ) ) ;
#1802 = SURFACE_SIDE_STYLE ('',( #382 ) ) ;
#1803 = EDGE_CURVE ( 'NONE', #735, #2255, #2723, .T. ) ;
#1804 = FACE_OUTER_BOUND ( 'NONE', #2458, .T. ) ;
#1805 = EDGE_CURVE ( 'NONE', #1275, #1600, #1062, .T. ) ;
#1806 = CARTESIAN_POINT ( 'NONE',  ( 9.099999999999999645, 8.139999999999998792, 0.000000000000000000 ) ) ;
#1807 = EDGE_LOOP ( 'NONE', ( #1987, #1526, #2750, #106 ) ) ;
#1808 = DIRECTION ( 'NONE',  ( 1.000000000000000000, 0.000000000000000000, 0.000000000000000000 ) ) ;
#1809 = ADVANCED_FACE ( 'NONE', ( #1322 ), #1755, .F. ) ;
#1810 = ORIENTED_EDGE ( 'NONE', *, *, #2819, .T. ) ;
#1811 = PLANE ( 'NONE',  #1722 ) ;
#1812 = FACE_OUTER_BOUND ( 'NONE', #2285, .T. ) ;
#1813 = ORIENTED_EDGE ( 'NONE', *, *, #1916, .F. ) ;
#1814 = DIRECTION ( 'NONE',  ( 0.000000000000000000, 0.000000000000000000, 1.000000000000000000 ) ) ;
#1815 = ORIENTED_EDGE ( 'NONE', *, *, #309, .T. ) ;
#1816 = FACE_OUTER_BOUND ( 'NONE', #984, .T. ) ;
#1817 = FILL_AREA_STYLE ('',( #2760 ) ) ;
#1818 = SHAPE_REPRESENTATION ( 'NMJ6HCD2', ( #2084, #917 ), #565 ) ;
#1819 = FILL_AREA_STYLE ('',( #417 ) ) ;
#1820 = VECTOR ( 'NONE', #379, 1000.000000000000000 ) ;
#1821 = EDGE_CURVE ( 'NONE', #588, #2243, #2011, .T. ) ;
#1823 = ORIENTED_EDGE ( 'NONE', *, *, #1903, .T. ) ;
#1822 = CARTESIAN_POINT ( 'NONE',  ( 0.000000000000000000, 4.890000000000000568, -20.60999999999999943 ) ) ;
#1824 = AXIS2_PLACEMENT_3D ( 'NONE', #1674, #514, #1648 ) ;
#1825 = EDGE_LOOP ( 'NONE', ( #1311, #1501, #1800 ) ) ;
#1826 = VECTOR ( 'NONE', #1398, 1000.000000000000000 ) ;
#1827 = EDGE_LOOP ( 'NONE', ( #913, #2925, #2824, #2397 ) ) ;
#1828 = DIRECTION ( 'NONE',  ( 0.000000000000000000, 0.000000000000000000, -1.000000000000000000 ) ) ;
#1829 = ORIENTED_EDGE ( 'NONE', *, *, #2874, .F. ) ;
#1830 = DIRECTION ( 'NONE',  ( 0.000000000000000000, 0.000000000000000000, -1.000000000000000000 ) ) ;
#1831 = ADVANCED_FACE ( 'NONE', ( #173 ), #873, .F. ) ;
#1832 = ORIENTED_EDGE ( 'NONE', *, *, #492, .F. ) ;
#1833 = CONICAL_SURFACE ( 'NONE', #510, 1.624999999999999778, 1.047197551196400456 ) ;
#1834 = CARTESIAN_POINT ( 'NONE',  ( -9.099999999999999645, 8.139999999999998792, 0.000000000000000000 ) ) ;
#1835 = VERTEX_POINT ( 'NONE', #415 ) ;
#1836 = CARTESIAN_POINT ( 'NONE',  ( 7.799999999999999822, 12.72000000000000064, 0.000000000000000000 ) ) ;
#1837 = EDGE_LOOP ( 'NONE', ( #191, #2293, #780, #1715 ) ) ;
#1838 = CARTESIAN_POINT ( 'NONE',  ( -8.364999999999998437, 0.2200000000000000011, -12.44999999999999929 ) ) ;
#1839 = CARTESIAN_POINT ( 'NONE',  ( 0.000000000000000000, 0.000000000000000000, 0.000000000000000000 ) ) ;
#1840 = PLANE ( 'NONE',  #501 ) ;
#1841 = CIRCLE ( 'NONE', #1287, 5.700000000000000178 ) ;
#1842 = CARTESIAN_POINT ( 'NONE',  ( -8.364999999999998437, 0.000000000000000000, -4.549999999999999822 ) ) ;
#1843 = VECTOR ( 'NONE', #1684, 1000.000000000000000 ) ;
#1844 = VERTEX_POINT ( 'NONE', #1801 ) ;
#1845 = DIRECTION ( 'NONE',  ( 1.000000000000000000, 0.000000000000000000, 0.000000000000000000 ) ) ;
#1846 = CARTESIAN_POINT ( 'NONE',  ( -9.099999999999999645, 0.2200000000000000011, -20.60999999999999943 ) ) ;
#1847 = EDGE_CURVE ( 'NONE', #2317, #2198, #2244, .T. ) ;
#1848 = ORIENTED_EDGE ( 'NONE', *, *, #1805, .F. ) ;
#1849 = LINE ( 'NONE', #852, #2558 ) ;
#1850 = EDGE_CURVE ( 'NONE', #2179, #498, #2915, .T. ) ;
#1851 = LINE ( 'NONE', #1615, #3006 ) ;
#1852 = ORIENTED_EDGE ( 'NONE', *, *, #2653, .T. ) ;
#1853 = DIRECTION ( 'NONE',  ( 0.000000000000000000, 0.000000000000000000, -1.000000000000000000 ) ) ;
#1854 = ORIENTED_EDGE ( 'NONE', *, *, #684, .F. ) ;
#1855 =( LENGTH_UNIT ( ) NAMED_UNIT ( * ) SI_UNIT ( .MILLI., .METRE. ) );
#1856 = FILL_AREA_STYLE ('',( #1771 ) ) ;
#1857 = CARTESIAN_POINT ( 'NONE',  ( 3.250000000000000000, 8.139999999999998792, -21.48361162512999911 ) ) ;
#1859 = ORIENTED_EDGE ( 'NONE', *, *, #125, .T. ) ;
#1858 = DIRECTION ( 'NONE',  ( 0.000000000000000000, -1.000000000000000000, 0.000000000000000000 ) ) ;
#1860 = DIRECTION ( 'NONE',  ( 0.000000000000000000, 1.000000000000000000, 0.000000000000000000 ) ) ;
#1861 = ORIENTED_EDGE ( 'NONE', *, *, #978, .T. ) ;
#1862 = CARTESIAN_POINT ( 'NONE',  ( -8.364999999999998437, 0.2200000000000000011, -1.899999999999999911 ) ) ;
#1863 = EDGE_CURVE ( 'NONE', #259, #1351, #1970, .T. ) ;
#1864 = LINE ( 'NONE', #1163, #613 ) ;
#1865 = ADVANCED_FACE ( 'NONE', ( #2930 ), #1274, .F. ) ;
#1866 = ORIENTED_EDGE ( 'NONE', *, *, #1310, .F. ) ;
#1867 = LINE ( 'NONE', #1205, #1773 ) ;
#1868 = PRODUCT_DEFINITION_SHAPE ( 'NONE', 'NONE',  #1581 ) ;
#1869 = CARTESIAN_POINT ( 'NONE',  ( 6.806468129806999556, 13.55838799068000000, 0.000000000000000000 ) ) ;
#1870 = EDGE_CURVE ( 'NONE', #1713, #2438, #830, .T. ) ;
#1871 = CARTESIAN_POINT ( 'NONE',  ( 8.364999999999998437, 0.000000000000000000, -1.899999999999999911 ) ) ;
#1872 = PRESENTATION_LAYER_ASSIGNMENT (  '', '', ( #160 ) ) ;
#1874 = VERTEX_POINT ( 'NONE', #140 ) ;
#1873 = LINE ( 'NONE', #908, #1826 ) ;
#1875 = AXIS2_PLACEMENT_3D ( 'NONE', #731, #746, #1664 ) ;
#1876 = CARTESIAN_POINT ( 'NONE',  ( 6.806468129806999556, 13.55838799068000000, 0.000000000000000000 ) ) ;
#1877 = VECTOR ( 'NONE', #2120, 1000.000000000000000 ) ;
#1878 = UNCERTAINTY_MEASURE_WITH_UNIT (LENGTH_MEASURE( 1.000000000000000082E-05 ), #1663, 'distance_accuracy_value', 'NONE');
#1879 = DIRECTION ( 'NONE',  ( 0.000000000000000000, -1.000000000000000000, 0.000000000000000000 ) ) ;
#1880 = VECTOR ( 'NONE', #2779, 1000.000000000000000 ) ;
#1881 = ORIENTED_EDGE ( 'NONE', *, *, #777, .T. ) ;
#1882 = CARTESIAN_POINT ( 'NONE',  ( 0.000000000000000000, 8.139999999999998792, -23.35999999999999943 ) ) ;
#1883 = AXIS2_PLACEMENT_3D ( 'NONE', #1105, #2966, #637 ) ;
#1884 = CARTESIAN_POINT ( 'NONE',  ( 7.865000000000000213, -3.449999999999999734, -16.15000000000000213 ) ) ;
#1885 = CARTESIAN_POINT ( 'NONE',  ( -8.364999999999998437, -3.449999999999999734, -9.799999999999998934 ) ) ;
#1886 = EDGE_CURVE ( 'NONE', #401, #210, #1543, .T. ) ;
#1887 = ADVANCED_FACE ( 'NONE', ( #2473 ), #381, .F. ) ;
#1888 = CARTESIAN_POINT ( 'NONE',  ( -7.865000000000000213, 0.2200000000000000011, -18.80000000000000071 ) ) ;
#1889 = CONICAL_SURFACE ( 'NONE', #2569, 3.801213018315060754, 1.189647220726412158 ) ;
#1890 = CARTESIAN_POINT ( 'NONE',  ( -8.364999999999998437, 0.2200000000000000011, -6.100000000000000533 ) ) ;
#1891 = VECTOR ( 'NONE', #1159, 1000.000000000000000 ) ;
#1892 = DIRECTION ( 'NONE',  ( 0.000000000000000000, -0.000000000000000000, -1.000000000000000000 ) ) ;
#1893 = PRODUCT ( 'NMJ6HCD2', 'NMJ6HCD2', '', ( #2320 ) ) ;
#1894 = EDGE_CURVE ( 'NONE', #1110, #1743, #860, .T. ) ;
#1895 = VERTEX_POINT ( 'NONE', #1507 ) ;
#1896 = DIRECTION ( 'NONE',  ( 1.000000000000000000, 0.000000000000000000, 0.000000000000000000 ) ) ;
#1897 = VERTEX_POINT ( 'NONE', #1555 ) ;
#1898 = PLANE ( 'NONE',  #1629 ) ;
#1899 = DIRECTION ( 'NONE',  ( 0.000000000000000000, 0.000000000000000000, -1.000000000000000000 ) ) ;
#1900 = FACE_OUTER_BOUND ( 'NONE', #2027, .T. ) ;
#1901 = DIRECTION ( 'NONE',  ( 0.000000000000000000, -1.025063872168112953E-14, 1.000000000000000000 ) ) ;
#1902 = EDGE_CURVE ( 'NONE', #1984, #2317, #2488, .T. ) ;
#1903 = EDGE_CURVE ( 'NONE', #484, #366, #1618, .T. ) ;
#1904 = CARTESIAN_POINT ( 'NONE',  ( 8.364999999999998437, -3.449999999999999734, -17.25000000000000000 ) ) ;
#1905 = EDGE_LOOP ( 'NONE', ( #2090, #835, #307, #2371, #376, #893, #829, #2466, #1632, #2229 ) ) ;
#1906 = FACE_OUTER_BOUND ( 'NONE', #2814, .T. ) ;
#1907 = VERTEX_POINT ( 'NONE', #1391 ) ;
#1908 = FACE_OUTER_BOUND ( 'NONE', #270, .T. ) ;
#1909 = CONTEXT_DEPENDENT_SHAPE_REPRESENTATION ( #2850, #285 ) ;
#1910 = DIRECTION ( 'NONE',  ( 0.000000000000000000, 0.000000000000000000, -1.000000000000000000 ) ) ;
#1911 = DIRECTION ( 'NONE',  ( 0.000000000000000000, -0.000000000000000000, -1.000000000000000000 ) ) ;
#1912 = ORIENTED_EDGE ( 'NONE', *, *, #1197, .T. ) ;
#1913 = DIRECTION ( 'NONE',  ( 1.000000000000000000, 0.000000000000000000, 0.000000000000000000 ) ) ;
#1914 = CARTESIAN_POINT ( 'NONE',  ( -4.349999999999999645, 3.924999999999999822, -20.60999999999999943 ) ) ;
#1915 = CIRCLE ( 'NONE', #2346, 0.5500000000000001554 ) ;
#1916 = EDGE_CURVE ( 'NONE', #56, #782, #1416, .T. ) ;
#1917 = CIRCLE ( 'NONE', #2688, 3.801213018315060754 ) ;
#1918 = ORIENTED_EDGE ( 'NONE', *, *, #2556, .F. ) ;
#1919 = EDGE_CURVE ( 'NONE', #491, #1080, #753, .T. ) ;
#1920 = CARTESIAN_POINT ( 'NONE',  ( -7.865000000000000213, 0.2200000000000000011, -12.44999999999999929 ) ) ;
#1921 = VECTOR ( 'NONE', #2676, 1000.000000000000000 ) ;
#1922 = EDGE_LOOP ( 'NONE', ( #440, #859, #372, #1440 ) ) ;
#1923 = LINE ( 'NONE', #2343, #1225 ) ;
#1924 = VECTOR ( 'NONE', #1201, 1000.000000000000000 ) ;
#1925 = DIRECTION ( 'NONE',  ( -1.000000000000000000, 0.000000000000000000, 0.000000000000000000 ) ) ;
#1926 = VECTOR ( 'NONE', #1925, 1000.000000000000000 ) ;
#1927 = LINE ( 'NONE', #1460, #2111 ) ;
#1928 = AXIS2_PLACEMENT_3D ( 'NONE', #721, #1182, #2306 ) ;
#1929 = PLANE ( 'NONE',  #1038 ) ;
#1930 = VERTEX_POINT ( 'NONE', #885 ) ;
#1931 = CARTESIAN_POINT ( 'NONE',  ( 7.865000000000000213, 0.2200000000000000011, -6.100000000000000533 ) ) ;
#1932 = LINE ( 'NONE', #271, #1786 ) ;
#1933 = VECTOR ( 'NONE', #116, 1000.000000000000000 ) ;
#1934 = VECTOR ( 'NONE', #2440, 1000.000000000000000 ) ;
#1935 = ORIENTED_EDGE ( 'NONE', *, *, #101, .F. ) ;
#1936 = CARTESIAN_POINT ( 'NONE',  ( -8.364999999999998437, -3.449999999999999734, -16.69999999999999929 ) ) ;
#1937 = EDGE_CURVE ( 'NONE', #1568, #1485, #201, .T. ) ;
#1938 = ORIENTED_EDGE ( 'NONE', *, *, #2412, .F. ) ;
#1939 = EDGE_CURVE ( 'NONE', #2179, #1466, #2802, .T. ) ;
#1940 = PLANE ( 'NONE',  #847 ) ;
#1941 = ORIENTED_EDGE ( 'NONE', *, *, #4, .F. ) ;
#1942 = CARTESIAN_POINT ( 'NONE',  ( -7.865000000000000213, 0.000000000000000000, -6.100000000000000533 ) ) ;
#1943 = EDGE_CURVE ( 'NONE', #857, #2942, #2568, .T. ) ;
#1944 = SURFACE_SIDE_STYLE ('',( #2662 ) ) ;
#1945 = LINE ( 'NONE', #61, #2063 ) ;
#1946 = ORIENTED_EDGE ( 'NONE', *, *, #667, .T. ) ;
#1947 = FACE_OUTER_BOUND ( 'NONE', #1413, .T. ) ;
#1948 = VERTEX_POINT ( 'NONE', #948 ) ;
#1949 = PLANE ( 'NONE',  #310 ) ;
#1950 = ORIENTED_EDGE ( 'NONE', *, *, #223, .F. ) ;
#1951 = DIRECTION ( 'NONE',  ( 0.000000000000000000, 0.000000000000000000, -1.000000000000000000 ) ) ;
#1952 = EDGE_LOOP ( 'NONE', ( #2780, #148, #3011, #327 ) ) ;
#1953 = CARTESIAN_POINT ( 'NONE',  ( 8.300000000000000711, 8.139999999999998792, 0.000000000000000000 ) ) ;
#1954 = LINE ( 'NONE', #302, #993 ) ;
#1955 = DIRECTION ( 'NONE',  ( 1.000000000000000000, 0.000000000000000000, 0.000000000000000000 ) ) ;
#1956 = VERTEX_POINT ( 'NONE', #1649 ) ;
#1957 = CARTESIAN_POINT ( 'NONE',  ( 5.700000000000000178, 8.139999999999998792, 3.000000000000000000 ) ) ;
#1958 = DIRECTION ( 'NONE',  ( -1.000000000000000000, 0.000000000000000000, 0.000000000000000000 ) ) ;
#1959 = ORIENTED_EDGE ( 'NONE', *, *, #888, .F. ) ;
#1960 =( GEOMETRIC_REPRESENTATION_CONTEXT ( 3 ) GLOBAL_UNCERTAINTY_ASSIGNED_CONTEXT ( ( #2054 ) ) GLOBAL_UNIT_ASSIGNED_CONTEXT ( ( #94, #2931, #1259 ) ) REPRESENTATION_CONTEXT ( 'NONE', 'WORKASPACE' ) );
#1961 = CARTESIAN_POINT ( 'NONE',  ( -7.865000000000000213, 0.000000000000000000, -10.90000000000000036 ) ) ;
#1962 = ORIENTED_EDGE ( 'NONE', *, *, #839, .F. ) ;
#1963 = DIRECTION ( 'NONE',  ( 0.000000000000000000, 0.000000000000000000, 1.000000000000000000 ) ) ;
#1964 = CIRCLE ( 'NONE', #1423, 3.801213018315060754 ) ;
#1965 = PLANE ( 'NONE',  #2080 ) ;
#1966 = CYLINDRICAL_SURFACE ( 'NONE', #1278, 0.5500000000000001554 ) ;
#1967 = PLANE ( 'NONE',  #643 ) ;
#1968 = ORIENTED_EDGE ( 'NONE', *, *, #767, .T. ) ;
#1969 = PLANE ( 'NONE',  #2798 ) ;
#1970 = CIRCLE ( 'NONE', #903, 3.250000000000000000 ) ;
#1971 = ORIENTED_EDGE ( 'NONE', *, *, #1762, .T. ) ;
#1972 = EDGE_CURVE ( 'NONE', #345, #2667, #902, .T. ) ;
#1973 = VECTOR ( 'NONE', #1592, 1000.000000000000000 ) ;
#1974 = DIRECTION ( 'NONE',  ( 0.000000000000000000, 0.000000000000000000, -1.000000000000000000 ) ) ;
#1975 = ORIENTED_EDGE ( 'NONE', *, *, #2023, .F. ) ;
#1976 = LINE ( 'NONE', #834, #280 ) ;
#1977 = VERTEX_POINT ( 'NONE', #1869 ) ;
#1978 = DIRECTION ( 'NONE',  ( 0.9843214110730053035, -0.1763841254287010774, 0.000000000000000000 ) ) ;
#1979 = VECTOR ( 'NONE', #2926, 1000.000000000000000 ) ;
#1980 = DIRECTION ( 'NONE',  ( 0.000000000000000000, -1.000000000000000000, 0.000000000000000000 ) ) ;
#1981 = VECTOR ( 'NONE', #980, 1000.000000000000000 ) ;
#1982 = SURFACE_STYLE_USAGE ( .BOTH. , #1944 ) ;
#1983 = LINE ( 'NONE', #1060, #1768 ) ;
#1984 = VERTEX_POINT ( 'NONE', #2581 ) ;
#1985 = CARTESIAN_POINT ( 'NONE',  ( -7.865000000000000213, 0.000000000000000000, -8.250000000000000000 ) ) ;
#1986 = LINE ( 'NONE', #2680, #763 ) ;
#1987 = ORIENTED_EDGE ( 'NONE', *, *, #2603, .F. ) ;
#1988 = LINE ( 'NONE', #1076, #653 ) ;
#1989 = EDGE_CURVE ( 'NONE', #1956, #386, #1041, .T. ) ;
#1990 = EDGE_CURVE ( 'NONE', #82, #773, #19, .T. ) ;
#1991 = ORIENTED_EDGE ( 'NONE', *, *, #225, .T. ) ;
#1992 = LINE ( 'NONE', #147, #2655 ) ;
#1993 = VERTEX_POINT ( 'NONE', #2344 ) ;
#1994 = PLANE ( 'NONE',  #747 ) ;
#1995 = DIRECTION ( 'NONE',  ( 1.000000000000000000, 0.000000000000000000, 0.000000000000000000 ) ) ;
#1996 = CARTESIAN_POINT ( 'NONE',  ( 0.000000000000000000, 8.139999999999998792, -0.7384265961928611066 ) ) ;
#1997 = ORIENTED_EDGE ( 'NONE', *, *, #2362, .F. ) ;
#1998 = DIRECTION ( 'NONE',  ( 1.000000000000000000, 0.000000000000000000, 0.000000000000000000 ) ) ;
#1999 = DIRECTION ( 'NONE',  ( 0.000000000000000000, 1.000000000000000000, 0.000000000000000000 ) ) ;
#2000 = ORIENTED_EDGE ( 'NONE', *, *, #2776, .T. ) ;
#2001 = DIRECTION ( 'NONE',  ( 0.000000000000000000, 0.000000000000000000, 1.000000000000000000 ) ) ;
#2002 = EDGE_CURVE ( 'NONE', #1727, #1897, #2747, .T. ) ;
#2003 = VERTEX_POINT ( 'NONE', #2981 ) ;
#2004 = FACE_OUTER_BOUND ( 'NONE', #2980, .T. ) ;
#2005 = ADVANCED_FACE ( 'NONE', ( #1816 ), #1833, .F. ) ;
#2006 = CARTESIAN_POINT ( 'NONE',  ( 4.349999999999999645, 12.35500000000000043, -20.60999999999999943 ) ) ;
#2007 = ORIENTED_EDGE ( 'NONE', *, *, #1295, .T. ) ;
#2008 = CARTESIAN_POINT ( 'NONE',  ( -5.700000000000000178, 8.139999999999998792, -0.7384265961928611066 ) ) ;
#2009 = VECTOR ( 'NONE', #344, 1000.000000000000000 ) ;
#2010 = ORIENTED_EDGE ( 'NONE', *, *, #915, .T. ) ;
#2011 = LINE ( 'NONE', #1048, #73 ) ;
#2012 = SURFACE_STYLE_FILL_AREA ( #2681 ) ;
#2013 = VECTOR ( 'NONE', #1716, 1000.000000000000000 ) ;
#2014 = DIRECTION ( 'NONE',  ( 0.000000000000000000, 0.000000000000000000, 1.000000000000000000 ) ) ;
#2015 = AXIS2_PLACEMENT_3D ( 'NONE', #2394, #2637, #801 ) ;
#2016 = AXIS2_PLACEMENT_3D ( 'NONE', #2682, #2014, #2477 ) ;
#2017 = VERTEX_POINT ( 'NONE', #2300 ) ;
#2018 = ORIENTED_EDGE ( 'NONE', *, *, #1707, .F. ) ;
#2019 = CARTESIAN_POINT ( 'NONE',  ( -7.865000000000000213, 0.2200000000000000011, -6.100000000000000533 ) ) ;
#2020 = VERTEX_POINT ( 'NONE', #1884 ) ;
#2021 = LINE ( 'NONE', #894, #2691 ) ;
#2022 = DIRECTION ( 'NONE',  ( 1.000000000000000000, 0.000000000000000000, 0.000000000000000000 ) ) ;
#2023 = EDGE_CURVE ( 'NONE', #2772, #1110, #1436, .T. ) ;
#2024 = DIRECTION ( 'NONE',  ( 1.000000000000000000, 0.000000000000000000, 0.000000000000000000 ) ) ;
#2025 = EDGE_CURVE ( 'NONE', #2616, #2485, #3012, .T. ) ;
#2026 = AXIS2_PLACEMENT_3D ( 'NONE', #1688, #1951, #2617 ) ;
#2027 = EDGE_LOOP ( 'NONE', ( #152, #1732, #928, #2231 ) ) ;
#2028 = CARTESIAN_POINT ( 'NONE',  ( 8.300000000000000711, 8.139999999999998792, 0.000000000000000000 ) ) ;
#2029 = MANIFOLD_SOLID_BREP ( 'Split1[1]', #792 ) ;
#2030 = EDGE_CURVE ( 'NONE', #848, #2678, #517, .T. ) ;
#2031 = VECTOR ( 'NONE', #2587, 1000.000000000000000 ) ;
#2032 = ORIENTED_EDGE ( 'NONE', *, *, #2067, .F. ) ;
#2033 = DIRECTION ( 'NONE',  ( 0.000000000000000000, 0.000000000000000000, -1.000000000000000000 ) ) ;
#2034 = LINE ( 'NONE', #2047, #263 ) ;
#2035 = DIRECTION ( 'NONE',  ( 1.000000000000000000, 0.000000000000000000, 0.000000000000000000 ) ) ;
#2036 = ORIENTED_EDGE ( 'NONE', *, *, #1789, .F. ) ;
#2037 = CARTESIAN_POINT ( 'NONE',  ( 8.300000000000000711, 8.139999999999998792, -20.60999999999999943 ) ) ;
#2038 = EDGE_LOOP ( 'NONE', ( #321, #1991, #2528, #1373, #1158, #1263, #2633, #1959 ) ) ;
#2039 = DIRECTION ( 'NONE',  ( -1.000000000000000000, 0.000000000000000000, 0.000000000000000000 ) ) ;
#2040 = DIRECTION ( 'NONE',  ( -1.000000000000000000, 0.000000000000000000, 0.000000000000000000 ) ) ;
#2041 = VERTEX_POINT ( 'NONE', #2788 ) ;
#2042 = DIRECTION ( 'NONE',  ( -1.000000000000000000, 0.000000000000000000, 0.000000000000000000 ) ) ;
#2043 = EDGE_CURVE ( 'NONE', #2769, #1835, #2816, .T. ) ;
#2044 = ORIENTED_EDGE ( 'NONE', *, *, #1785, .F. ) ;
#2045 = CARTESIAN_POINT ( 'NONE',  ( -10.92006769424999924, 0.000000000000000000, -3.449999999999999734 ) ) ;
#2046 = DIRECTION ( 'NONE',  ( -1.000000000000000000, 0.000000000000000000, 0.000000000000000000 ) ) ;
#2047 = CARTESIAN_POINT ( 'NONE',  ( -8.364999999999998437, 0.000000000000000000, -14.59999999999999964 ) ) ;
#2048 = LINE ( 'NONE', #863, #1479 ) ;
#2049 = ORIENTED_EDGE ( 'NONE', *, *, #2340, .T. ) ;
#2050 = ORIENTED_EDGE ( 'NONE', *, *, #2514, .F. ) ;
#2051 = LINE ( 'NONE', #662, #1051 ) ;
#2052 = EDGE_LOOP ( 'NONE', ( #2369, #2032, #2729, #1537, #960, #533, #739, #1098 ) ) ;
#2053 = CARTESIAN_POINT ( 'NONE',  ( 7.865000000000000213, -3.449999999999999734, -10.34999999999999964 ) ) ;
#2054 = UNCERTAINTY_MEASURE_WITH_UNIT (LENGTH_MEASURE( 1.000000000000000082E-05 ), #94, 'distance_accuracy_value', 'NONE');
#2055 = CARTESIAN_POINT ( 'NONE',  ( -8.364999999999998437, -3.449999999999999734, -3.449999999999999734 ) ) ;
#2056 = EDGE_CURVE ( 'NONE', #1353, #1907, #540, .T. ) ;
#2057 = ORIENTED_EDGE ( 'NONE', *, *, #2307, .F. ) ;
#2058 = CARTESIAN_POINT ( 'NONE',  ( -7.865000000000000213, -3.449999999999999734, -17.25000000000000000 ) ) ;
#2059 = ORIENTED_EDGE ( 'NONE', *, *, #1188, .F. ) ;
#2060 = PRESENTATION_STYLE_ASSIGNMENT (( #2288 ) ) ;
#2061 = LINE ( 'NONE', #156, #1294 ) ;
#2062 = CARTESIAN_POINT ( 'NONE',  ( -4.349999999999999645, 3.924999999999999822, -23.52999999999999758 ) ) ;
#2063 = VECTOR ( 'NONE', #988, 1000.000000000000000 ) ;
#2064 = DIRECTION ( 'NONE',  ( 0.000000000000000000, -1.000000000000000000, 0.000000000000000000 ) ) ;
#2065 = EDGE_CURVE ( 'NONE', #345, #1275, #744, .T. ) ;
#2066 = VECTOR ( 'NONE', #2180, 1000.000000000000000 ) ;
#2067 = EDGE_CURVE ( 'NONE', #2722, #2577, #584, .T. ) ;
#2068 = ORIENTED_EDGE ( 'NONE', *, *, #968, .F. ) ;
#2069 = AXIS2_PLACEMENT_3D ( 'NONE', #343, #793, #542 ) ;
#2070 = DIRECTION ( 'NONE',  ( 1.000000000000000000, 0.000000000000000000, 0.000000000000000000 ) ) ;
#2071 = VECTOR ( 'NONE', #1408, 1000.000000000000000 ) ;
#2072 = ORIENTED_EDGE ( 'NONE', *, *, #2862, .T. ) ;
#2073 = PLANE ( 'NONE',  #1527 ) ;
#2074 = VECTOR ( 'NONE', #2521, 1000.000000000000000 ) ;
#2075 = CARTESIAN_POINT ( 'NONE',  ( 9.079617834395000031, 12.49070063694000154, 0.000000000000000000 ) ) ;
#2076 = ORIENTED_EDGE ( 'NONE', *, *, #1253, .F. ) ;
#2077 = CARTESIAN_POINT ( 'NONE',  ( 0.000000000000000000, 8.139999999999998792, 3.000000000000000000 ) ) ;
#2078 = ORIENTED_EDGE ( 'NONE', *, *, #1603, .F. ) ;
#2079 = DIRECTION ( 'NONE',  ( 0.000000000000000000, 0.000000000000000000, 1.000000000000000000 ) ) ;
#2080 = AXIS2_PLACEMENT_3D ( 'NONE', #2893, #2661, #1980 ) ;
#2081 = CARTESIAN_POINT ( 'NONE',  ( 0.000000000000000000, 0.000000000000000000, 0.000000000000000000 ) ) ;
#2082 = AXIS2_PLACEMENT_3D ( 'NONE', #131, #1054, #1808 ) ;
#2083 = DIRECTION ( 'NONE',  ( -1.000000000000000000, 0.000000000000000000, 0.000000000000000000 ) ) ;
#2084 = AXIS2_PLACEMENT_3D ( 'NONE', #950, #2374, #973 ) ;
#2085 = EDGE_CURVE ( 'NONE', #1723, #1907, #1718, .T. ) ;
#2087 = ORIENTED_EDGE ( 'NONE', *, *, #2065, .F. ) ;
#2086 = LINE ( 'NONE', #2469, #2452 ) ;
#2088 = ADVANCED_FACE ( 'NONE', ( #1016 ), #2645, .F. ) ;
#2089 = LINE ( 'NONE', #2749, #1192 ) ;
#2090 = ORIENTED_EDGE ( 'NONE', *, *, #1847, .F. ) ;
#2091 = LINE ( 'NONE', #2546, #1129 ) ;
#2092 = VERTEX_POINT ( 'NONE', #2148 ) ;
#2093 = LINE ( 'NONE', #2075, #1782 ) ;
#2094 = EDGE_LOOP ( 'NONE', ( #550, #1382, #522, #226 ) ) ;
#2095 = DIRECTION ( 'NONE',  ( -1.000000000000000000, 0.000000000000000000, 0.000000000000000000 ) ) ;
#2096 = EDGE_CURVE ( 'NONE', #2800, #1798, #541, .T. ) ;
#2097 = CARTESIAN_POINT ( 'NONE',  ( 3.250000000000000000, 8.139999999999998792, 0.000000000000000000 ) ) ;
#2098 = DIRECTION ( 'NONE',  ( 1.000000000000000000, 0.000000000000000000, 0.000000000000000000 ) ) ;
#2099 = LINE ( 'NONE', #10, #1229 ) ;
#2100 = FACE_OUTER_BOUND ( 'NONE', #2995, .T. ) ;
#2101 = LINE ( 'NONE', #2716, #2129 ) ;
#2102 = EDGE_CURVE ( 'NONE', #2041, #992, #972, .T. ) ;
#2103 = PLANE ( 'NONE',  #1345 ) ;
#2104 = EDGE_CURVE ( 'NONE', #1844, #332, #60, .T. ) ;
#2105 = ORIENTED_EDGE ( 'NONE', *, *, #1916, .T. ) ;
#2106 = EDGE_CURVE ( 'NONE', #5, #1874, #1431, .T. ) ;
#2107 = DIRECTION ( 'NONE',  ( 0.000000000000000000, 0.000000000000000000, 1.000000000000000000 ) ) ;
#2108 = SURFACE_SIDE_STYLE ('',( #475 ) ) ;
#2109 = DIRECTION ( 'NONE',  ( 1.000000000000000000, 0.000000000000000000, 0.000000000000000000 ) ) ;
#2110 = FACE_OUTER_BOUND ( 'NONE', #2309, .T. ) ;
#2111 = VECTOR ( 'NONE', #1449, 1000.000000000000000 ) ;
#2112 = DIRECTION ( 'NONE',  ( 0.000000000000000000, 0.000000000000000000, 1.000000000000000000 ) ) ;
#2113 = CIRCLE ( 'NONE', #2308, 0.5500000000000001554 ) ;
#2114 =( NAMED_UNIT ( * ) SI_UNIT ( $, .STERADIAN. ) SOLID_ANGLE_UNIT ( ) );
#2115 = AXIS2_PLACEMENT_3D ( 'NONE', #979, #1913, #2626 ) ;
#2116 = ORIENTED_EDGE ( 'NONE', *, *, #1559, .T. ) ;
#2117 = CARTESIAN_POINT ( 'NONE',  ( 8.364999999999998437, 0.2200000000000000011, -1.899999999999999911 ) ) ;
#2118 = CIRCLE ( 'NONE', #803, 5.700000000000000178 ) ;
#2119 = ORIENTED_EDGE ( 'NONE', *, *, #1280, .T. ) ;
#2120 = DIRECTION ( 'NONE',  ( 0.000000000000000000, -1.000000000000000000, 0.000000000000000000 ) ) ;
#2121 = EDGE_CURVE ( 'NONE', #30, #2222, #1563, .T. ) ;
#2122 = AXIS2_PLACEMENT_3D ( 'NONE', #2572, #478, #205 ) ;
#2123 = LINE ( 'NONE', #329, #519 ) ;
#2124 = EDGE_CURVE ( 'NONE', #1246, #1452, #1238, .T. ) ;
#2125 = CARTESIAN_POINT ( 'NONE',  ( 0.000000000000000000, 8.139999999999998792, -21.92590392197771365 ) ) ;
#2126 = DIRECTION ( 'NONE',  ( 1.000000000000000000, 0.000000000000000000, 0.000000000000000000 ) ) ;
#2127 = VECTOR ( 'NONE', #1151, 1000.000000000000000 ) ;
#2128 = DIRECTION ( 'NONE',  ( 0.000000000000000000, -1.000000000000000000, 0.000000000000000000 ) ) ;
#2129 = VECTOR ( 'NONE', #1562, 1000.000000000000000 ) ;
#2130 = CARTESIAN_POINT ( 'NONE',  ( -7.865000000000000213, 0.000000000000000000, -18.80000000000000071 ) ) ;
#2131 = PRODUCT_DEFINITION_FORMATION_WITH_SPECIFIED_SOURCE ( 'ANY', '', #1893, .NOT_KNOWN. ) ;
#2132 = EDGE_CURVE ( 'NONE', #629, #1042, #1954, .T. ) ;
#2133 = ORIENTED_EDGE ( 'NONE', *, *, #1464, .T. ) ;
#2134 = LINE ( 'NONE', #1441, #1487 ) ;
#2135 = ORIENTED_EDGE ( 'NONE', *, *, #1448, .F. ) ;
#2136 = CARTESIAN_POINT ( 'NONE',  ( 8.364999999999998437, 0.000000000000000000, -14.59999999999999964 ) ) ;
#2137 = LINE ( 'NONE', #529, #1735 ) ;
#2138 =( NAMED_UNIT ( * ) PLANE_ANGLE_UNIT ( ) SI_UNIT ( $, .RADIAN. ) );
#2139 = EDGE_CURVE ( 'NONE', #773, #2003, #2123, .T. ) ;
#2140 = DIRECTION ( 'NONE',  ( 1.000000000000000000, 0.000000000000000000, 0.000000000000000000 ) ) ;
#2141 = DIRECTION ( 'NONE',  ( 0.000000000000000000, -1.000000000000000000, 0.000000000000000000 ) ) ;
#2142 = VERTEX_POINT ( 'NONE', #730 ) ;
#2143 = DIRECTION ( 'NONE',  ( 1.000000000000000000, 0.000000000000000000, 0.000000000000000000 ) ) ;
#2144 = FACE_OUTER_BOUND ( 'NONE', #1032, .T. ) ;
#2145 = CARTESIAN_POINT ( 'NONE',  ( 4.349999999999999645, 12.35500000000000043, -23.52999999999999758 ) ) ;
#2146 = ORIENTED_EDGE ( 'NONE', *, *, #758, .F. ) ;
#2147 = DIRECTION ( 'NONE',  ( 0.000000000000000000, 0.000000000000000000, -1.000000000000000000 ) ) ;
#2148 = CARTESIAN_POINT ( 'NONE',  ( 8.364999999999998437, -3.449999999999999734, -9.799999999999998934 ) ) ;
#2149 = LINE ( 'NONE', #1885, #891 ) ;
#2150 = PLANE ( 'NONE',  #2313 ) ;
#2151 = EDGE_LOOP ( 'NONE', ( #2414, #2472, #1270, #2057 ) ) ;
#2152 = EDGE_CURVE ( 'NONE', #113, #1897, #2137, .T. ) ;
#2153 = FACE_OUTER_BOUND ( 'NONE', #2711, .T. ) ;
#2154 = SURFACE_STYLE_USAGE ( .BOTH. , #2576 ) ;
#2155 = EDGE_CURVE ( 'NONE', #2020, #511, #32, .T. ) ;
#2156 =( GEOMETRIC_REPRESENTATION_CONTEXT ( 3 ) GLOBAL_UNCERTAINTY_ASSIGNED_CONTEXT ( ( #1657 ) ) GLOBAL_UNIT_ASSIGNED_CONTEXT ( ( #2777, #886, #1608 ) ) REPRESENTATION_CONTEXT ( 'NONE', 'WORKASPACE' ) );
#2157 = VECTOR ( 'NONE', #2848, 1000.000000000000000 ) ;
#2158 = ORIENTED_EDGE ( 'NONE', *, *, #2139, .F. ) ;
#2159 = CARTESIAN_POINT ( 'NONE',  ( 0.000000000000000000, 8.139999999999998792, -0.7384265961928611066 ) ) ;
#2160 = VECTOR ( 'NONE', #1514, 1000.000000000000000 ) ;
#2161 = ORIENTED_EDGE ( 'NONE', *, *, #2621, .T. ) ;
#2162 = DIRECTION ( 'NONE',  ( 1.000000000000000000, 0.000000000000000000, 0.000000000000000000 ) ) ;
#2163 = ADVANCED_FACE ( 'NONE', ( #90 ), #500, .T. ) ;
#2164 = CONICAL_SURFACE ( 'NONE', #749, 3.801213018315060754, 1.189647220726412158 ) ;
#2165 = CARTESIAN_POINT ( 'NONE',  ( 0.000000000000000000, 8.139999999999998792, -21.92590392197771365 ) ) ;
#2166 = CARTESIAN_POINT ( 'NONE',  ( 6.806468129806999556, 13.55838799068000000, 0.000000000000000000 ) ) ;
#2167 = DIRECTION ( 'NONE',  ( 0.000000000000000000, 0.000000000000000000, 1.000000000000000000 ) ) ;
#2168 = VECTOR ( 'NONE', #2507, 1000.000000000000000 ) ;
#2169 = VERTEX_POINT ( 'NONE', #869 ) ;
#2170 = FACE_OUTER_BOUND ( 'NONE', #1511, .T. ) ;
#2171 = ORIENTED_EDGE ( 'NONE', *, *, #1396, .T. ) ;
#2172 = DIRECTION ( 'NONE',  ( 1.000000000000000000, 0.000000000000000000, 0.000000000000000000 ) ) ;
#2173 = VECTOR ( 'NONE', #2910, 1000.000000000000000 ) ;
#2174 = ADVANCED_FACE ( 'NONE', ( #1070 ), #1797, .T. ) ;
#2175 = STYLED_ITEM ( 'NONE', ( #347 ), #2952 ) ;
#2176 = ORIENTED_EDGE ( 'NONE', *, *, #1894, .F. ) ;
#2177 = DIRECTION ( 'NONE',  ( -1.000000000000000000, 0.000000000000000000, 0.000000000000000000 ) ) ;
#2178 = STYLED_ITEM ( 'NONE', ( #2334 ), #761 ) ;
#2179 = VERTEX_POINT ( 'NONE', #2961 ) ;
#2180 = DIRECTION ( 'NONE',  ( 0.000000000000000000, 0.000000000000000000, -1.000000000000000000 ) ) ;
#2181 = CARTESIAN_POINT ( 'NONE',  ( 0.000000000000000000, 2.439999999999999503, 4.326499999999999346 ) ) ;
#2182 = EDGE_CURVE ( 'NONE', #82, #187, #2719, .T. ) ;
#2183 = DIRECTION ( 'NONE',  ( 0.000000000000000000, 1.000000000000000000, 0.000000000000000000 ) ) ;
#2184 = LINE ( 'NONE', #2647, #2207 ) ;
#2185 = ORIENTED_EDGE ( 'NONE', *, *, #722, .T. ) ;
#2186 = CARTESIAN_POINT ( 'NONE',  ( -10.92006769424999924, -3.449999999999999734, -16.69999999999999929 ) ) ;
#2187 = CARTESIAN_POINT ( 'NONE',  ( 8.364999999999998437, 0.000000000000000000, -16.15000000000000213 ) ) ;
#2188 = CARTESIAN_POINT ( 'NONE',  ( 9.079617834395000031, 12.49070063694000154, 0.000000000000000000 ) ) ;
#2189 = ORIENTED_EDGE ( 'NONE', *, *, #1331, .T. ) ;
#2190 = FACE_OUTER_BOUND ( 'NONE', #1306, .T. ) ;
#2191 = EDGE_LOOP ( 'NONE', ( #1273, #2864, #391, #2158 ) ) ;
#2192 = PLANE ( 'NONE',  #2739 ) ;
#2193 = EDGE_CURVE ( 'NONE', #2169, #85, #1303, .T. ) ;
#2194 = LINE ( 'NONE', #102, #2173 ) ;
#2195 = ADVANCED_FACE ( 'NONE', ( #136 ), #2675, .T. ) ;
#2196 = FACE_OUTER_BOUND ( 'NONE', #1148, .T. ) ;
#2197 = LINE ( 'NONE', #2895, #23 ) ;
#2198 = VERTEX_POINT ( 'NONE', #2225 ) ;
#2199 = FACE_OUTER_BOUND ( 'NONE', #2627, .T. ) ;
#2200 = LINE ( 'NONE', #1729, #1083 ) ;
#2201 = VERTEX_POINT ( 'NONE', #151 ) ;
#2202 = EDGE_LOOP ( 'NONE', ( #1117, #256, #1242, #1523, #352, #2826, #882, #348 ) ) ;
#2203 = CARTESIAN_POINT ( 'NONE',  ( 9.099999999999999645, 12.72000000000000064, 0.000000000000000000 ) ) ;
#2204 = VERTEX_POINT ( 'NONE', #390 ) ;
#2205 = DIRECTION ( 'NONE',  ( 0.000000000000000000, 1.000000000000000000, 0.000000000000000000 ) ) ;
#2206 = ORIENTED_EDGE ( 'NONE', *, *, #2789, .T. ) ;
#2207 = VECTOR ( 'NONE', #2663, 1000.000000000000000 ) ;
#2208 = LINE ( 'NONE', #589, #178 ) ;
#2209 = VECTOR ( 'NONE', #2908, 1000.000000000000000 ) ;
#2210 = LINE ( 'NONE', #137, #2506 ) ;
#2211 = CARTESIAN_POINT ( 'NONE',  ( 0.000000000000000000, 11.39000000000000057, -20.60999999999999943 ) ) ;
#2212 = EDGE_CURVE ( 'NONE', #1600, #1835, #1317, .T. ) ;
#2213 = EDGE_CURVE ( 'NONE', #2353, #629, #2208, .T. ) ;
#2214 = ORIENTED_EDGE ( 'NONE', *, *, #1295, .F. ) ;
#2215 = DIRECTION ( 'NONE',  ( 0.000000000000000000, -1.000000000000000000, 0.000000000000000000 ) ) ;
#2216 = FILL_AREA_STYLE ('',( #365 ) ) ;
#2217 = VECTOR ( 'NONE', #349, 1000.000000000000000 ) ;
#2218 = EDGE_LOOP ( 'NONE', ( #2889, #2520, #197, #1968 ) ) ;
#2219 = DIRECTION ( 'NONE',  ( 0.000000000000000000, 0.000000000000000000, 1.000000000000000000 ) ) ;
#2220 = ORIENTED_EDGE ( 'NONE', *, *, #2819, .F. ) ;
#2221 = PLANE ( 'NONE',  #2082 ) ;
#2222 = VERTEX_POINT ( 'NONE', #1503 ) ;
#2223 = CARTESIAN_POINT ( 'NONE',  ( -9.099999999999999645, 8.139999999999998792, 0.000000000000000000 ) ) ;
#2224 = ORIENTED_EDGE ( 'NONE', *, *, #2412, .T. ) ;
#2225 = CARTESIAN_POINT ( 'NONE',  ( 9.099999999999999645, 0.2200000000000000011, -20.60999999999999943 ) ) ;
#2226 = AXIS2_PLACEMENT_3D ( 'NONE', #725, #1187, #770 ) ;
#2227 = DIRECTION ( 'NONE',  ( 0.000000000000000000, 0.000000000000000000, -1.000000000000000000 ) ) ;
#2228 =( GEOMETRIC_REPRESENTATION_CONTEXT ( 3 ) GLOBAL_UNCERTAINTY_ASSIGNED_CONTEXT ( ( #14 ) ) GLOBAL_UNIT_ASSIGNED_CONTEXT ( ( #2713, #874, #674 ) ) REPRESENTATION_CONTEXT ( 'NONE', 'WORKASPACE' ) );
#2229 = ORIENTED_EDGE ( 'NONE', *, *, #2621, .F. ) ;
#2230 = CARTESIAN_POINT ( 'NONE',  ( 7.865000000000000213, 0.2200000000000000011, -8.250000000000000000 ) ) ;
#2231 = ORIENTED_EDGE ( 'NONE', *, *, #2710, .T. ) ;
#2232 = LINE ( 'NONE', #1108, #954 ) ;
#2233 = EDGE_CURVE ( 'NONE', #1351, #1554, #1087, .T. ) ;
#2234 = ORIENTED_EDGE ( 'NONE', *, *, #145, .T. ) ;
#2235 = EDGE_CURVE ( 'NONE', #1727, #2241, #1517, .T. ) ;
#2236 = FACE_OUTER_BOUND ( 'NONE', #1584, .T. ) ;
#2237 = ORIENTED_EDGE ( 'NONE', *, *, #2182, .F. ) ;
#2238 = CARTESIAN_POINT ( 'NONE',  ( -9.099999999999999645, 0.2200000000000000011, -20.60999999999999943 ) ) ;
#2239 = PRODUCT_DEFINITION_CONTEXT ( 'detailed design', #3015, 'design' ) ;
#2240 = CARTESIAN_POINT ( 'NONE',  ( -10.92006769424999924, -3.449999999999999734, -16.69999999999999929 ) ) ;
#2241 = VERTEX_POINT ( 'NONE', #838 ) ;
#2242 = DIRECTION ( 'NONE',  ( -1.000000000000000000, 0.000000000000000000, 0.000000000000000000 ) ) ;
#2243 = VERTEX_POINT ( 'NONE', #2468 ) ;
#2244 = LINE ( 'NONE', #2946, #268 ) ;
#2245 = DIRECTION ( 'NONE',  ( 1.000000000000000000, 0.000000000000000000, 0.000000000000000000 ) ) ;
#2246 = AXIS2_PLACEMENT_3D ( 'NONE', #76, #791, #2631 ) ;
#2247 = SURFACE_SIDE_STYLE ('',( #2012 ) ) ;
#2248 = LINE ( 'NONE', #1576, #2648 ) ;
#2249 = EDGE_CURVE ( 'NONE', #2409, #1365, #812, .T. ) ;
#2250 = ORIENTED_EDGE ( 'NONE', *, *, #839, .T. ) ;
#2251 = CARTESIAN_POINT ( 'NONE',  ( -7.865000000000000213, 0.000000000000000000, -14.59999999999999964 ) ) ;
#2252 = VERTEX_POINT ( 'NONE', #2006 ) ;
#2253 = DIRECTION ( 'NONE',  ( 0.000000000000000000, 0.000000000000000000, -1.000000000000000000 ) ) ;
#2254 = DIRECTION ( 'NONE',  ( 0.000000000000000000, 0.000000000000000000, -1.000000000000000000 ) ) ;
#2255 = VERTEX_POINT ( 'NONE', #1766 ) ;
#2256 = PLANE ( 'NONE',  #2792 ) ;
#2257 = AXIS2_PLACEMENT_3D ( 'NONE', #2694, #2873, #2423 ) ;
#2258 = EDGE_LOOP ( 'NONE', ( #1552, #1852, #2866, #1136, #146, #2998, #2072 ) ) ;
#2259 = LINE ( 'NONE', #394, #994 ) ;
#2260 = DIRECTION ( 'NONE',  ( 0.000000000000000000, 0.000000000000000000, -1.000000000000000000 ) ) ;
#2261 = VECTOR ( 'NONE', #2890, 1000.000000000000000 ) ;
#2262 = DIRECTION ( 'NONE',  ( 0.000000000000000000, 0.000000000000000000, -1.000000000000000000 ) ) ;
#2263 = CIRCLE ( 'NONE', #2069, 4.150000000000000355 ) ;
#2264 = CIRCLE ( 'NONE', #3000, 0.5500000000000001554 ) ;
#2265 = VERTEX_POINT ( 'NONE', #341 ) ;
#2266 = FACE_OUTER_BOUND ( 'NONE', #2856, .T. ) ;
#2267 = ADVANCED_FACE ( 'NONE', ( #2690 ), #2940, .F. ) ;
#2268 = ORIENTED_EDGE ( 'NONE', *, *, #2964, .T. ) ;
#2269 = FACE_OUTER_BOUND ( 'NONE', #585, .T. ) ;
#2270 = CARTESIAN_POINT ( 'NONE',  ( -8.364999999999998437, 0.2200000000000000011, -1.899999999999999911 ) ) ;
#2271 = ADVANCED_FACE ( 'NONE', ( #1781 ), #167, .T. ) ;
#2272 = VECTOR ( 'NONE', #1130, 1000.000000000000000 ) ;
#2273 = VERTEX_POINT ( 'NONE', #1252 ) ;
#2274 = DIRECTION ( 'NONE',  ( 0.000000000000000000, 0.000000000000000000, 1.000000000000000000 ) ) ;
#2275 = CIRCLE ( 'NONE', #2323, 3.801213018315060754 ) ;
#2276 = EDGE_LOOP ( 'NONE', ( #1761, #1349 ) ) ;
#2277 = CARTESIAN_POINT ( 'NONE',  ( 0.000000000000000000, 8.139999999999998792, -20.60999999999999943 ) ) ;
#2278 = LINE ( 'NONE', #2290, #697 ) ;
#2279 = LINE ( 'NONE', #2951, #854 ) ;
#2280 = ORIENTED_EDGE ( 'NONE', *, *, #2152, .F. ) ;
#2281 = DIRECTION ( 'NONE',  ( 1.000000000000000000, 0.000000000000000000, 0.000000000000000000 ) ) ;
#2282 = ORIENTED_EDGE ( 'NONE', *, *, #1271, .F. ) ;
#2283 = CARTESIAN_POINT ( 'NONE',  ( 8.364999999999998437, -3.449999999999999734, -4.549999999999999822 ) ) ;
#2284 = FACE_OUTER_BOUND ( 'NONE', #1249, .T. ) ;
#2285 = EDGE_LOOP ( 'NONE', ( #2566, #1047, #1531, #2605 ) ) ;
#2286 = CARTESIAN_POINT ( 'NONE',  ( 0.000000000000000000, 8.139999999999998792, -0.7384265961928611066 ) ) ;
#2287 = ORIENTED_EDGE ( 'NONE', *, *, #968, .T. ) ;
#2288 = SURFACE_STYLE_USAGE ( .BOTH. , #2108 ) ;
#2289 = EDGE_CURVE ( 'NONE', #1835, #2541, #2194, .T. ) ;
#2290 = CARTESIAN_POINT ( 'NONE',  ( -7.865000000000000213, 0.000000000000000000, -14.59999999999999964 ) ) ;
#2291 = PLANE ( 'NONE',  #2122 ) ;
#2292 = PLANE ( 'NONE',  #370 ) ;
#2293 = ORIENTED_EDGE ( 'NONE', *, *, #1348, .T. ) ;
#2294 = PLANE ( 'NONE',  #2450 ) ;
#2295 = UNCERTAINTY_MEASURE_WITH_UNIT (LENGTH_MEASURE( 1.000000000000000082E-05 ), #1855, 'distance_accuracy_value', 'NONE');
#2296 = DIRECTION ( 'NONE',  ( 0.000000000000000000, 1.000000000000000000, 0.000000000000000000 ) ) ;
#2297 = ORIENTED_EDGE ( 'NONE', *, *, #1030, .T. ) ;
#2298 = LINE ( 'NONE', #671, #1172 ) ;
#2299 = ORIENTED_EDGE ( 'NONE', *, *, #2002, .T. ) ;
#2300 = CARTESIAN_POINT ( 'NONE',  ( 7.865000000000000213, -3.449999999999999734, -9.799999999999998934 ) ) ;
#2301 = VECTOR ( 'NONE', #334, 1000.000000000000000 ) ;
#2302 = ADVANCED_FACE ( 'NONE', ( #1027 ), #1965, .T. ) ;
#2303 = CARTESIAN_POINT ( 'NONE',  ( -5.700000000000000178, 8.139999999999998792, 0.000000000000000000 ) ) ;
#2304 = EDGE_CURVE ( 'NONE', #1261, #491, #2093, .T. ) ;
#2305 = AXIS2_PLACEMENT_3D ( 'NONE', #2943, #635, #1590 ) ;
#2306 = DIRECTION ( 'NONE',  ( 1.000000000000000000, 0.000000000000000000, 0.000000000000000000 ) ) ;
#2307 = EDGE_CURVE ( 'NONE', #2265, #1483, #1403, .T. ) ;
#2308 = AXIS2_PLACEMENT_3D ( 'NONE', #2053, #2529, #3005 ) ;
#2309 = EDGE_LOOP ( 'NONE', ( #452, #785, #2297, #185 ) ) ;
#2311 = ORIENTED_EDGE ( 'NONE', *, *, #1559, .F. ) ;
#2310 = CARTESIAN_POINT ( 'NONE',  ( 9.099999999999999645, 12.72000000000000064, -20.60999999999999943 ) ) ;
#2312 = DIRECTION ( 'NONE',  ( 0.000000000000000000, 0.000000000000000000, 1.000000000000000000 ) ) ;
#2313 = AXIS2_PLACEMENT_3D ( 'NONE', #2408, #320, #2141 ) ;
#2314 = VERTEX_POINT ( 'NONE', #668 ) ;
#2315 = LINE ( 'NONE', #1862, #2502 ) ;
#2316 = CARTESIAN_POINT ( 'NONE',  ( -9.099999999999999645, 0.2200000000000000011, -20.60999999999999943 ) ) ;
#2317 = VERTEX_POINT ( 'NONE', #2316 ) ;
#2318 = LINE ( 'NONE', #899, #745 ) ;
#2319 = DIRECTION ( 'NONE',  ( 1.000000000000000000, 0.000000000000000000, 0.000000000000000000 ) ) ;
#2320 = PRODUCT_CONTEXT ( 'NONE', #2955, 'mechanical' ) ;
#2321 = AXIS2_PLACEMENT_3D ( 'NONE', #1936, #1174, #2840 ) ;
#2322 = SURFACE_STYLE_FILL_AREA ( #1819 ) ;
#2323 = AXIS2_PLACEMENT_3D ( 'NONE', #1484, #1532, #1714 ) ;
#2324 = LINE ( 'NONE', #1394, #1434 ) ;
#2325 = EDGE_CURVE ( 'NONE', #1066, #879, #2753, .T. ) ;
#2327 = ORIENTED_EDGE ( 'NONE', *, *, #223, .T. ) ;
#2326 = DIRECTION ( 'NONE',  ( 0.000000000000000000, -1.000000000000000000, 0.000000000000000000 ) ) ;
#2328 = CARTESIAN_POINT ( 'NONE',  ( 7.865000000000000213, -3.449999999999999734, -10.90000000000000036 ) ) ;
#2329 = ADVANCED_FACE ( 'NONE', ( #916 ), #2103, .F. ) ;
#2330 = CARTESIAN_POINT ( 'NONE',  ( -7.865000000000000213, -3.449999999999999734, -16.15000000000000213 ) ) ;
#2331 = ORIENTED_EDGE ( 'NONE', *, *, #279, .F. ) ;
#2332 = CARTESIAN_POINT ( 'NONE',  ( 8.300000000000000711, 8.139999999999998792, 0.000000000000000000 ) ) ;
#2333 = DIRECTION ( 'NONE',  ( 1.000000000000000000, 0.000000000000000000, 0.000000000000000000 ) ) ;
#2334 = PRESENTATION_STYLE_ASSIGNMENT (( #1636 ) ) ;
#2335 = LINE ( 'NONE', #251, #1272 ) ;
#2336 = DIRECTION ( 'NONE',  ( 0.000000000000000000, 0.000000000000000000, -1.000000000000000000 ) ) ;
#2337 = LINE ( 'NONE', #254, #1880 ) ;
#2338 = FACE_OUTER_BOUND ( 'NONE', #997, .T. ) ;
#2339 = ADVANCED_FACE ( 'NONE', ( #1370 ), #649, .T. ) ;
#2340 = EDGE_CURVE ( 'NONE', #1977, #139, #1851, .T. ) ;
#2341 = CARTESIAN_POINT ( 'NONE',  ( -7.865000000000000213, 0.2200000000000000011, -14.59999999999999964 ) ) ;
#2342 = VERTEX_POINT ( 'NONE', #1101 ) ;
#2343 = CARTESIAN_POINT ( 'NONE',  ( -8.364999999999998437, 0.000000000000000000, -9.799999999999998934 ) ) ;
#2344 = CARTESIAN_POINT ( 'NONE',  ( -8.364999999999998437, 0.000000000000000000, -14.59999999999999964 ) ) ;
#2345 = CARTESIAN_POINT ( 'NONE',  ( 0.000000000000000000, 8.139999999999998792, 3.000000000000000000 ) ) ;
#2346 = AXIS2_PLACEMENT_3D ( 'NONE', #594, #1393, #658 ) ;
#2347 = DIRECTION ( 'NONE',  ( 1.000000000000000000, 0.000000000000000000, 0.000000000000000000 ) ) ;
#2348 = CIRCLE ( 'NONE', #350, 3.801213018315060754 ) ;
#2349 = DIRECTION ( 'NONE',  ( -1.000000000000000000, 0.000000000000000000, 0.000000000000000000 ) ) ;
#2350 = CIRCLE ( 'NONE', #2834, 4.149999999999999467 ) ;
#2351 = DIRECTION ( 'NONE',  ( 0.000000000000000000, 0.000000000000000000, -1.000000000000000000 ) ) ;
#2352 = AXIS2_PLACEMENT_3D ( 'NONE', #887, #398, #2726 ) ;
#2353 = VERTEX_POINT ( 'NONE', #213 ) ;
#2354 = PRODUCT_DEFINITION_CONTEXT ( 'detailed design', #461, 'design' ) ;
#2355 = LINE ( 'NONE', #43, #515 ) ;
#2356 = ORIENTED_EDGE ( 'NONE', *, *, #2603, .T. ) ;
#2357 = DIRECTION ( 'NONE',  ( -1.000000000000000000, 0.000000000000000000, 0.000000000000000000 ) ) ;
#2358 = VECTOR ( 'NONE', #1179, 1000.000000000000000 ) ;
#2359 = EDGE_CURVE ( 'NONE', #1066, #1284, #2977, .T. ) ;
#2360 =( NAMED_UNIT ( * ) PLANE_ANGLE_UNIT ( ) SI_UNIT ( $, .RADIAN. ) );
#2361 = DIRECTION ( 'NONE',  ( 0.000000000000000000, -1.000000000000000000, 0.000000000000000000 ) ) ;
#2362 = EDGE_CURVE ( 'NONE', #2656, #1993, #685, .T. ) ;
#2363 = CARTESIAN_POINT ( 'NONE',  ( 0.000000000000000000, 0.000000000000000000, -20.60999999999999943 ) ) ;
#2364 = ORIENTED_EDGE ( 'NONE', *, *, #853, .F. ) ;
#2365 = AXIS2_PLACEMENT_3D ( 'NONE', #2240, #2024, #1536 ) ;
#2366 = DIRECTION ( 'NONE',  ( 1.000000000000000000, 0.000000000000000000, 0.000000000000000000 ) ) ;
#2367 = AXIS2_PLACEMENT_3D ( 'NONE', #849, #1312, #1778 ) ;
#2368 = DIRECTION ( 'NONE',  ( 0.000000000000000000, -1.000000000000000000, 0.000000000000000000 ) ) ;
#2369 = ORIENTED_EDGE ( 'NONE', *, *, #2862, .F. ) ;
#2370 = DIRECTION ( 'NONE',  ( 0.000000000000000000, 0.000000000000000000, 1.000000000000000000 ) ) ;
#2371 = ORIENTED_EDGE ( 'NONE', *, *, #1692, .F. ) ;
#2372 = CARTESIAN_POINT ( 'NONE',  ( -8.364999999999998437, 0.000000000000000000, -16.15000000000000213 ) ) ;
#2373 = DIRECTION ( 'NONE',  ( 0.000000000000000000, -1.000000000000000000, 0.000000000000000000 ) ) ;
#2374 = DIRECTION ( 'NONE',  ( 0.000000000000000000, 0.000000000000000000, 1.000000000000000000 ) ) ;
#2375 = CARTESIAN_POINT ( 'NONE',  ( 7.799999999999999822, 12.72000000000000064, 0.000000000000000000 ) ) ;
#2376 = EDGE_CURVE ( 'NONE', #2720, #645, #715, .T. ) ;
#2377 = EDGE_CURVE ( 'NONE', #1011, #717, #15, .T. ) ;
#2378 = CARTESIAN_POINT ( 'NONE',  ( -10.92006769424999924, -3.449999999999999734, -16.15000000000000213 ) ) ;
#2379 = ORIENTED_EDGE ( 'NONE', *, *, #2535, .F. ) ;
#2380 = CARTESIAN_POINT ( 'NONE',  ( 8.364999999999998437, 0.000000000000000000, -3.449999999999999734 ) ) ;
#2381 = LINE ( 'NONE', #736, #1934 ) ;
#2382 = EDGE_CURVE ( 'NONE', #2920, #2545, #881, .T. ) ;
#2383 = ORIENTED_EDGE ( 'NONE', *, *, #1160, .T. ) ;
#2384 = DIRECTION ( 'NONE',  ( -1.000000000000000000, 0.000000000000000000, 0.000000000000000000 ) ) ;
#2385 = ORIENTED_EDGE ( 'NONE', *, *, #2606, .T. ) ;
#2386 = PLANE ( 'NONE',  #407 ) ;
#2387 =( NAMED_UNIT ( * ) SI_UNIT ( $, .STERADIAN. ) SOLID_ANGLE_UNIT ( ) );
#2388 = LINE ( 'NONE', #477, #795 ) ;
#2389 = EDGE_LOOP ( 'NONE', ( #1228, #1515, #2044, #159 ) ) ;
#2390 = DIRECTION ( 'NONE',  ( 1.000000000000000000, 0.000000000000000000, 0.000000000000000000 ) ) ;
#2391 = EDGE_CURVE ( 'NONE', #629, #7, #2531, .T. ) ;
#2392 = ADVANCED_FACE ( 'NONE', ( #246 ), #1889, .F. ) ;
#2393 = ORIENTED_EDGE ( 'NONE', *, *, #667, .F. ) ;
#2394 = CARTESIAN_POINT ( 'NONE',  ( 0.000000000000000000, 13.83999999999999986, -0.7384265961928611066 ) ) ;
#2395 = AXIS2_PLACEMENT_3D ( 'NONE', #2761, #2725, #189 ) ;
#2396 = AXIS2_PLACEMENT_3D ( 'NONE', #1224, #22, #2583 ) ;
#2397 = ORIENTED_EDGE ( 'NONE', *, *, #1308, .T. ) ;
#2398 = FACE_OUTER_BOUND ( 'NONE', #2962, .T. ) ;
#2399 = AXIS2_PLACEMENT_3D ( 'NONE', #2591, #2357, #2107 ) ;
#2400 = ORIENTED_EDGE ( 'NONE', *, *, #2376, .F. ) ;
#2401 = CARTESIAN_POINT ( 'NONE',  ( -7.865000000000000213, 0.2200000000000000011, -18.80000000000000071 ) ) ;
#2402 = VECTOR ( 'NONE', #2652, 1000.000000000000000 ) ;
#2403 = CARTESIAN_POINT ( 'NONE',  ( 9.099999999999999645, 8.139999999999998792, 0.000000000000000000 ) ) ;
#2404 =( NAMED_UNIT ( * ) PLANE_ANGLE_UNIT ( ) SI_UNIT ( $, .RADIAN. ) );
#2405 = CARTESIAN_POINT ( 'NONE',  ( 0.000000000000000000, 8.139999999999998792, -0.7384265961928611066 ) ) ;
#2406 = VECTOR ( 'NONE', #975, 1000.000000000000000 ) ;
#2407 = EDGE_LOOP ( 'NONE', ( #686, #1687, #1007, #1443 ) ) ;
#2408 = CARTESIAN_POINT ( 'NONE',  ( 7.865000000000000213, 0.2200000000000000011, -18.80000000000000071 ) ) ;
#2409 = VERTEX_POINT ( 'NONE', #1385 ) ;
#2410 = CARTESIAN_POINT ( 'NONE',  ( -7.865000000000000213, 0.000000000000000000, -1.899999999999999911 ) ) ;
#2411 = AXIS2_PLACEMENT_3D ( 'NONE', #1567, #1044, #2498 ) ;
#2412 = EDGE_CURVE ( 'NONE', #2241, #2758, #1864, .T. ) ;
#2413 = VECTOR ( 'NONE', #912, 1000.000000000000000 ) ;
#2414 = ORIENTED_EDGE ( 'NONE', *, *, #675, .T. ) ;
#2415 = ADVANCED_FACE ( 'NONE', ( #2284 ), #943, .T. ) ;
#2416 = DIRECTION ( 'NONE',  ( 0.000000000000000000, 0.000000000000000000, -1.000000000000000000 ) ) ;
#2417 = COLOUR_RGB ( '',0.7960784313725489669, 0.8235294117647058432, 0.9372549019607843146 ) ;
#2418 = ORIENTED_EDGE ( 'NONE', *, *, #2213, .T. ) ;
#2419 = CARTESIAN_POINT ( 'NONE',  ( -9.099999999999999645, 0.2200000000000000011, 0.000000000000000000 ) ) ;
#2420 = SHAPE_REPRESENTATION ( 'NMJ6HCD2', ( #133 ), #2228 ) ;
#2421 =( NAMED_UNIT ( * ) PLANE_ANGLE_UNIT ( ) SI_UNIT ( $, .RADIAN. ) );
#2422 = CARTESIAN_POINT ( 'NONE',  ( 9.099999999999999645, 8.139999999999998792, -20.60999999999999943 ) ) ;
#2423 = DIRECTION ( 'NONE',  ( 0.000000000000000000, -1.025063872168112953E-14, 1.000000000000000000 ) ) ;
#2424 = EDGE_CURVE ( 'NONE', #480, #7, #896, .T. ) ;
#2425 = ORIENTED_EDGE ( 'NONE', *, *, #482, .F. ) ;
#2426 = DIRECTION ( 'NONE',  ( 0.000000000000000000, 0.000000000000000000, -1.000000000000000000 ) ) ;
#2427 = ORIENTED_EDGE ( 'NONE', *, *, #641, .F. ) ;
#2428 = LINE ( 'NONE', #1931, #413 ) ;
#2429 = ORIENTED_EDGE ( 'NONE', *, *, #108, .F. ) ;
#2430 = PLANE ( 'NONE',  #1141 ) ;
#2431 = ADVANCED_FACE ( 'NONE', ( #1812 ), #2735, .F. ) ;
#2432 = ORIENTED_EDGE ( 'NONE', *, *, #2025, .T. ) ;
#2433 = LINE ( 'NONE', #2686, #2066 ) ;
#2434 = CARTESIAN_POINT ( 'NONE',  ( -7.865000000000000213, 0.2200000000000000011, -1.899999999999999911 ) ) ;
#2435 = EDGE_CURVE ( 'NONE', #180, #273, #1841, .T. ) ;
#2436 = SURFACE_SIDE_STYLE ('',( #1268 ) ) ;
#2437 = FACE_OUTER_BOUND ( 'NONE', #2276, .T. ) ;
#2438 = VERTEX_POINT ( 'NONE', #72 ) ;
#2439 = DIRECTION ( 'NONE',  ( 0.000000000000000000, 0.000000000000000000, 1.000000000000000000 ) ) ;
#2440 = DIRECTION ( 'NONE',  ( 0.000000000000000000, 0.000000000000000000, -1.000000000000000000 ) ) ;
#2441 = VERTEX_POINT ( 'NONE', #298 ) ;
#2442 = DIRECTION ( 'NONE',  ( 0.000000000000000000, -1.000000000000000000, 0.000000000000000000 ) ) ;
#2443 = ORIENTED_EDGE ( 'NONE', *, *, #1972, .T. ) ;
#2444 = COLOUR_RGB ( '',0.7960784313725489669, 0.8235294117647058432, 0.9372549019607843146 ) ;
#2445 = DIRECTION ( 'NONE',  ( 0.000000000000000000, -1.000000000000000000, 0.000000000000000000 ) ) ;
#2446 = ORIENTED_EDGE ( 'NONE', *, *, #2030, .F. ) ;
#2447 = FACE_OUTER_BOUND ( 'NONE', #901, .T. ) ;
#2448 = AXIS2_PLACEMENT_3D ( 'NONE', #318, #1491, #1538 ) ;
#2449 = CARTESIAN_POINT ( 'NONE',  ( 8.364999999999998437, 0.000000000000000000, -6.100000000000000533 ) ) ;
#2450 = AXIS2_PLACEMENT_3D ( 'NONE', #1354, #868, #2481 ) ;
#2451 = DIRECTION ( 'NONE',  ( 0.000000000000000000, 0.000000000000000000, -1.000000000000000000 ) ) ;
#2452 = VECTOR ( 'NONE', #1409, 1000.000000000000000 ) ;
#2453 = ORIENTED_EDGE ( 'NONE', *, *, #1265, .T. ) ;
#2454 = DIRECTION ( 'NONE',  ( 0.000000000000000000, 0.000000000000000000, -1.000000000000000000 ) ) ;
#2455 = EDGE_CURVE ( 'NONE', #977, #1554, #1237, .T. ) ;
#2456 = DIRECTION ( 'NONE',  ( 1.000000000000000000, 0.000000000000000000, 0.000000000000000000 ) ) ;
#2457 = VECTOR ( 'NONE', #2064, 1000.000000000000000 ) ;
#2458 = EDGE_LOOP ( 'NONE', ( #672, #2206, #2683, #473, #1962, #2453, #2590, #2036 ) ) ;
#2459 = VECTOR ( 'NONE', #431, 1000.000000000000000 ) ;
#2460 = LINE ( 'NONE', #614, #604 ) ;
#2461 = ORIENTED_EDGE ( 'NONE', *, *, #2964, .F. ) ;
#2462 = CIRCLE ( 'NONE', #816, 0.5499999999999983791 ) ;
#2463 = DIRECTION ( 'NONE',  ( 1.000000000000000000, 0.000000000000000000, 0.000000000000000000 ) ) ;
#2464 = EDGE_LOOP ( 'NONE', ( #1745, #1971, #423 ) ) ;
#2465 = LINE ( 'NONE', #2673, #2160 ) ;
#2466 = ORIENTED_EDGE ( 'NONE', *, *, #145, .F. ) ;
#2467 = VECTOR ( 'NONE', #2781, 1000.000000000000000 ) ;
#2468 = CARTESIAN_POINT ( 'NONE',  ( -8.364999999999998437, 0.000000000000000000, -1.899999999999999911 ) ) ;
#3016 = ORIENTED_EDGE ( 'NONE', *, *, #1122, .T. ) ;
#2470 = ORIENTED_EDGE ( 'NONE', *, *, #2121, .F. ) ;
#2471 = DIRECTION ( 'NONE',  ( -1.000000000000000000, 0.000000000000000000, 0.000000000000000000 ) ) ;
#2472 = ORIENTED_EDGE ( 'NONE', *, *, #1902, .T. ) ;
#2473 = FACE_OUTER_BOUND ( 'NONE', #1837, .T. ) ;
#2474 = EDGE_CURVE ( 'NONE', #570, #2342, #2902, .T. ) ;
#2475 = LINE ( 'NONE', #2899, #2301 ) ;
#2476 = EDGE_CURVE ( 'NONE', #1298, #1213, #786, .T. ) ;
#2477 = DIRECTION ( 'NONE',  ( 1.000000000000000000, 0.000000000000000000, 0.000000000000000000 ) ) ;
#2478 = ORIENTED_EDGE ( 'NONE', *, *, #204, .T. ) ;
#2479 = DIRECTION ( 'NONE',  ( 0.000000000000000000, 0.000000000000000000, -1.000000000000000000 ) ) ;
#2480 = ORIENTED_EDGE ( 'NONE', *, *, #2904, .F. ) ;
#2481 = DIRECTION ( 'NONE',  ( 0.000000000000000000, -1.000000000000000000, 0.000000000000000000 ) ) ;
#2482 = UNCERTAINTY_MEASURE_WITH_UNIT (LENGTH_MEASURE( 1.000000000000000082E-05 ), #1572, 'distance_accuracy_value', 'NONE');
#2483 = DIRECTION ( 'NONE',  ( 0.000000000000000000, 0.000000000000000000, 1.000000000000000000 ) ) ;
#2484 = ADVANCED_FACE ( 'NONE', ( #2398 ), #2857, .F. ) ;
#2485 = VERTEX_POINT ( 'NONE', #2602 ) ;
#2486 = DIRECTION ( 'NONE',  ( -0.000000000000000000, 1.000000000000000000, 0.000000000000000000 ) ) ;
#2487 = ORIENTED_EDGE ( 'NONE', *, *, #2901, .T. ) ;
#2488 = LINE ( 'NONE', #2552, #2074 ) ;
#2489 =( LENGTH_UNIT ( ) NAMED_UNIT ( * ) SI_UNIT ( .MILLI., .METRE. ) );
#2490 = DIRECTION ( 'NONE',  ( 0.000000000000000000, 0.000000000000000000, -1.000000000000000000 ) ) ;
#2491 = FACE_OUTER_BOUND ( 'NONE', #2852, .T. ) ;
#2492 = ORIENTED_EDGE ( 'NONE', *, *, #684, .T. ) ;
#2493 = CARTESIAN_POINT ( 'NONE',  ( 7.865000000000000213, 0.2200000000000000011, -6.100000000000000533 ) ) ;
#2494 = VECTOR ( 'NONE', #963, 1000.000000000000000 ) ;
#2495 = ORIENTED_EDGE ( 'NONE', *, *, #1161, .T. ) ;
#2496 = DIRECTION ( 'NONE',  ( 0.000000000000000000, -1.000000000000000000, -1.614869854000000016E-14 ) ) ;
#2497 = CLOSED_SHELL ( 'NONE', ( #1029, #2174, #2339, #27, #738, #1065, #1586, #2728, #999, #1233 ) ) ;
#2498 = DIRECTION ( 'NONE',  ( 1.000000000000000000, 0.000000000000000000, 0.000000000000000000 ) ) ;
#2499 = AXIS2_PLACEMENT_3D ( 'NONE', #2928, #1045, #2227 ) ;
#2500 = ORIENTED_EDGE ( 'NONE', *, *, #1516, .F. ) ;
#2501 = FACE_OUTER_BOUND ( 'NONE', #861, .T. ) ;
#2502 = VECTOR ( 'NONE', #1383, 1000.000000000000000 ) ;
#2503 = ORIENTED_EDGE ( 'NONE', *, *, #258, .T. ) ;
#2504 = DIRECTION ( 'NONE',  ( 0.000000000000000000, -1.000000000000000000, 0.000000000000000000 ) ) ;
#2505 = DIRECTION ( 'NONE',  ( 1.000000000000000000, 0.000000000000000000, 0.000000000000000000 ) ) ;
#2506 = VECTOR ( 'NONE', #2183, 1000.000000000000000 ) ;
#2507 = DIRECTION ( 'NONE',  ( -1.000000000000000000, 0.000000000000000000, 0.000000000000000000 ) ) ;
#2508 = CIRCLE ( 'NONE', #807, 5.700000000000000178 ) ;
#2509 = VERTEX_POINT ( 'NONE', #740 ) ;
#2510 = LINE ( 'NONE', #1366, #322 ) ;
#2511 = ADVANCED_FACE ( 'NONE', ( #1906 ), #1658, .F. ) ;
#2512 = ORIENTED_EDGE ( 'NONE', *, *, #2104, .T. ) ;
#2513 = PLANE ( 'NONE',  #1328 ) ;
#2514 = EDGE_CURVE ( 'NONE', #2543, #2656, #772, .T. ) ;
#2515 = CARTESIAN_POINT ( 'NONE',  ( 0.000000000000000000, 8.139999999999998792, -21.92590392197771365 ) ) ;
#2516 = VECTOR ( 'NONE', #2296, 1000.000000000000000 ) ;
#2517 = EDGE_LOOP ( 'NONE', ( #1321, #3016, #2500, #1759 ) ) ;
#2518 = CARTESIAN_POINT ( 'NONE',  ( 8.364999999999998437, 0.2200000000000000011, -18.80000000000000071 ) ) ;
#2519 = AXIS2_PLACEMENT_3D ( 'NONE', #1097, #2989, #2730 ) ;
#2520 = ORIENTED_EDGE ( 'NONE', *, *, #557, .F. ) ;
#2521 = DIRECTION ( 'NONE',  ( 0.000000000000000000, -1.000000000000000000, 0.000000000000000000 ) ) ;
#2522 = SURFACE_STYLE_USAGE ( .BOTH. , #1802 ) ;
#2523 = EDGE_CURVE ( 'NONE', #1102, #332, #760, .T. ) ;
#2524 = DIRECTION ( 'NONE',  ( -0.000000000000000000, 1.000000000000000000, 0.000000000000000000 ) ) ;
#2525 = FACE_OUTER_BOUND ( 'NONE', #2588, .T. ) ;
#2526 = EDGE_LOOP ( 'NONE', ( #218, #2331, #1589, #576 ) ) ;
#2527 = CARTESIAN_POINT ( 'NONE',  ( 7.865000000000000213, 0.000000000000000000, -4.549999999999999822 ) ) ;
#2528 = ORIENTED_EDGE ( 'NONE', *, *, #340, .T. ) ;
#2529 = DIRECTION ( 'NONE',  ( 1.000000000000000000, 0.000000000000000000, 0.000000000000000000 ) ) ;
#2530 = ADVANCED_FACE ( 'NONE', ( #1467 ), #526, .T. ) ;
#2531 = LINE ( 'NONE', #454, #2127 ) ;
#2532 = ADVANCED_FACE ( 'NONE', ( #537 ), #2825, .T. ) ;
#2533 = ORIENTED_EDGE ( 'NONE', *, *, #493, .T. ) ;
#2534 = CARTESIAN_POINT ( 'NONE',  ( 8.364999999999998437, -3.449999999999999734, -16.15000000000000213 ) ) ;
#2535 = EDGE_CURVE ( 'NONE', #511, #7, #2134, .T. ) ;
#2536 = ORIENTED_EDGE ( 'NONE', *, *, #2967, .T. ) ;
#2537 = CARTESIAN_POINT ( 'NONE',  ( -8.364999999999998437, 0.2200000000000000011, -6.100000000000000533 ) ) ;
#2538 =( NAMED_UNIT ( * ) SI_UNIT ( $, .STERADIAN. ) SOLID_ANGLE_UNIT ( ) );
#2539 = FACE_OUTER_BOUND ( 'NONE', #1922, .T. ) ;
#2540 = DIRECTION ( 'NONE',  ( 1.000000000000000000, 0.000000000000000000, 0.000000000000000000 ) ) ;
#2541 = VERTEX_POINT ( 'NONE', #483 ) ;
#2543 = VERTEX_POINT ( 'NONE', #2341 ) ;
#2542 = DIRECTION ( 'NONE',  ( 0.000000000000000000, 1.000000000000000000, 0.000000000000000000 ) ) ;
#2544 = FACE_OUTER_BOUND ( 'NONE', #1604, .T. ) ;
#2545 = VERTEX_POINT ( 'NONE', #2117 ) ;
#2546 = CARTESIAN_POINT ( 'NONE',  ( 9.099999999999999645, 12.72000000000000064, 0.000000000000000000 ) ) ;
#2547 = ADVANCED_FACE ( 'NONE', ( #29 ), #958, .T. ) ;
#2548 = ORIENTED_EDGE ( 'NONE', *, *, #2155, .F. ) ;
#2549 = CARTESIAN_POINT ( 'NONE',  ( -7.865000000000000213, 0.000000000000000000, -14.59999999999999964 ) ) ;
#2550 = ORIENTED_EDGE ( 'NONE', *, *, #1560, .F. ) ;
#2551 = DIRECTION ( 'NONE',  ( 0.000000000000000000, 0.000000000000000000, -1.000000000000000000 ) ) ;
#2552 = CARTESIAN_POINT ( 'NONE',  ( -9.099999999999999645, 8.139999999999998792, -20.60999999999999943 ) ) ;
#2553 = PRODUCT_CONTEXT ( 'NONE', #301, 'mechanical' ) ;
#2554 = DIRECTION ( 'NONE',  ( 0.000000000000000000, -1.000000000000000000, 0.000000000000000000 ) ) ;
#2555 = EDGE_CURVE ( 'NONE', #681, #1930, #2355, .T. ) ;
#2556 = EDGE_CURVE ( 'NONE', #480, #1053, #2462, .T. ) ;
#2557 = DIRECTION ( 'NONE',  ( 1.000000000000000000, 0.000000000000000000, 0.000000000000000000 ) ) ;
#2558 = VECTOR ( 'NONE', #1780, 1000.000000000000000 ) ;
#2559 = STYLED_ITEM ( 'NONE', ( #1705 ), #1015 ) ;
#2560 = FACE_OUTER_BOUND ( 'NONE', #1795, .T. ) ;
#2561 = LINE ( 'NONE', #630, #1686 ) ;
#2562 = VECTOR ( 'NONE', #489, 1000.000000000000000 ) ;
#2563 = EDGE_LOOP ( 'NONE', ( #1427, #1235, #1997, #2050 ) ) ;
#2564 = EDGE_LOOP ( 'NONE', ( #823, #110, #2171, #527 ) ) ;
#2565 = DIRECTION ( 'NONE',  ( 0.000000000000000000, 0.000000000000000000, -1.000000000000000000 ) ) ;
#2566 = ORIENTED_EDGE ( 'NONE', *, *, #309, .F. ) ;
#2567 = CARTESIAN_POINT ( 'NONE',  ( 0.000000000000000000, 8.139999999999998792, 4.326499999999999346 ) ) ;
#2568 = LINE ( 'NONE', #1838, #2845 ) ;
#2569 = AXIS2_PLACEMENT_3D ( 'NONE', #2515, #2993, #409 ) ;
#2570 = CARTESIAN_POINT ( 'NONE',  ( 5.700000000000000178, 8.139999999999998792, -0.7384265961928611066 ) ) ;
#2571 = AXIS2_PLACEMENT_3D ( 'NONE', #2822, #1667, #2797 ) ;
#2572 = CARTESIAN_POINT ( 'NONE',  ( -10.92006769424999924, 0.000000000000000000, -6.100000000000000533 ) ) ;
#2573 = ADVANCED_FACE ( 'NONE', ( #1203 ), #2589, .F. ) ;
#2574 = EDGE_CURVE ( 'NONE', #1275, #2769, #1976, .T. ) ;
#2575 = DIRECTION ( 'NONE',  ( 0.000000000000000000, 1.000000000000000000, 0.000000000000000000 ) ) ;
#2576 = SURFACE_SIDE_STYLE ('',( #578 ) ) ;
#2577 = VERTEX_POINT ( 'NONE', #2684 ) ;
#2578 = DIRECTION ( 'NONE',  ( 0.000000000000000000, 1.000000000000000000, 0.000000000000000000 ) ) ;
#2579 = ORIENTED_EDGE ( 'NONE', *, *, #1655, .T. ) ;
#2580 = CARTESIAN_POINT ( 'NONE',  ( -8.364999999999998437, 0.000000000000000000, -12.44999999999999929 ) ) ;
#2581 = CARTESIAN_POINT ( 'NONE',  ( -9.099999999999999645, 8.139999999999998792, -20.60999999999999943 ) ) ;
#2582 = CARTESIAN_POINT ( 'NONE',  ( 0.000000000000000000, 0.000000000000000000, 0.000000000000000000 ) ) ;
#2583 = DIRECTION ( 'NONE',  ( -1.000000000000000000, 0.000000000000000000, 0.000000000000000000 ) ) ;
#2584 = CARTESIAN_POINT ( 'NONE',  ( 9.099999999999999645, 0.2200000000000000011, 0.000000000000000000 ) ) ;
#2585 = ADVANCED_FACE ( 'NONE', ( #2236 ), #2430, .F. ) ;
#2586 = DIRECTION ( 'NONE',  ( 0.000000000000000000, 0.000000000000000000, -1.000000000000000000 ) ) ;
#2587 = DIRECTION ( 'NONE',  ( 0.000000000000000000, -1.000000000000000000, 0.000000000000000000 ) ) ;
#2588 = EDGE_LOOP ( 'NONE', ( #1859, #1495, #2176, #1975 ) ) ;
#2589 = PLANE ( 'NONE',  #1189 ) ;
#2590 = ORIENTED_EDGE ( 'NONE', *, *, #1308, .F. ) ;
#2591 = CARTESIAN_POINT ( 'NONE',  ( 7.865000000000000213, 0.2200000000000000011, -14.59999999999999964 ) ) ;
#2592 = EDGE_CURVE ( 'NONE', #1215, #1102, #1081, .T. ) ;
#2593 = CARTESIAN_POINT ( 'NONE',  ( -9.099999999999999645, 0.2200000000000000011, -20.60999999999999943 ) ) ;
#2594 =( LENGTH_UNIT ( ) NAMED_UNIT ( * ) SI_UNIT ( .MILLI., .METRE. ) );
#2595 = CARTESIAN_POINT ( 'NONE',  ( -8.364999999999998437, 0.000000000000000000, -10.90000000000000036 ) ) ;
#2596 = CARTESIAN_POINT ( 'NONE',  ( -7.530000000000000249, 8.139999999999998792, -20.60999999999999943 ) ) ;
#2597 = AXIS2_PLACEMENT_3D ( 'NONE', #1324, #2260, #175 ) ;
#2599 = VERTEX_POINT ( 'NONE', #373 ) ;
#2598 = DIRECTION ( 'NONE',  ( 0.000000000000000000, 0.000000000000000000, 1.000000000000000000 ) ) ;
#2600 = AXIS2_PLACEMENT_3D ( 'NONE', #2401, #587, #2205 ) ;
#2601 = AXIS2_PLACEMENT_3D ( 'NONE', #2960, #2112, #1845 ) ;
#2602 = CARTESIAN_POINT ( 'NONE',  ( 8.364999999999998437, 0.2200000000000000011, -12.44999999999999929 ) ) ;
#2603 = EDGE_CURVE ( 'NONE', #2314, #1353, #1300, .T. ) ;
#2604 = VECTOR ( 'NONE', #2083, 1000.000000000000000 ) ;
#2605 = ORIENTED_EDGE ( 'NONE', *, *, #638, .F. ) ;
#2606 = EDGE_CURVE ( 'NONE', #2920, #2169, #337, .T. ) ;
#2607 = LINE ( 'NONE', #499, #1325 ) ;
#2608 = VECTOR ( 'NONE', #592, 1000.000000000000000 ) ;
#2609 = CARTESIAN_POINT ( 'NONE',  ( 7.865000000000000213, -3.449999999999999734, -16.15000000000000213 ) ) ;
#2610 = CARTESIAN_POINT ( 'NONE',  ( -7.865000000000000213, 0.2200000000000000011, -14.59999999999999964 ) ) ;
#2611 = VECTOR ( 'NONE', #1221, 1000.000000000000000 ) ;
#2612 = CARTESIAN_POINT ( 'NONE',  ( 0.000000000000000000, 8.139999999999998792, 4.326499999999999346 ) ) ;
#2613 = ORIENTED_EDGE ( 'NONE', *, *, #2808, .T. ) ;
#2614 = LINE ( 'NONE', #2410, #2795 ) ;
#2615 = CYLINDRICAL_SURFACE ( 'NONE', #2571, 5.700000000000000178 ) ;
#2616 = VERTEX_POINT ( 'NONE', #824 ) ;
#2617 = DIRECTION ( 'NONE',  ( -1.000000000000000000, 0.000000000000000000, 0.000000000000000000 ) ) ;
#2618 = ORIENTED_EDGE ( 'NONE', *, *, #981, .T. ) ;
#2619 = DIRECTION ( 'NONE',  ( -0.000000000000000000, 1.000000000000000000, 0.000000000000000000 ) ) ;
#2620 = CARTESIAN_POINT ( 'NONE',  ( 0.000000000000000000, 8.139999999999998792, 0.000000000000000000 ) ) ;
#2621 = EDGE_CURVE ( 'NONE', #2198, #992, #1992, .T. ) ;
#2622 = CARTESIAN_POINT ( 'NONE',  ( 8.364999999999998437, 0.2200000000000000011, -12.44999999999999929 ) ) ;
#2623 = PLANE ( 'NONE',  #1135 ) ;
#2624 = VERTEX_POINT ( 'NONE', #2203 ) ;
#2625 = EDGE_CURVE ( 'NONE', #401, #2907, #387, .T. ) ;
#2626 = DIRECTION ( 'NONE',  ( 0.000000000000000000, 0.000000000000000000, 1.000000000000000000 ) ) ;
#2627 = EDGE_LOOP ( 'NONE', ( #1682, #134, #144, #2886, #1104, #2917, #843, #1057 ) ) ;
#2628 = DIRECTION ( 'NONE',  ( 0.000000000000000000, 0.000000000000000000, -1.000000000000000000 ) ) ;
#2629 = ORIENTED_EDGE ( 'NONE', *, *, #2671, .F. ) ;
#2630 = DIRECTION ( 'NONE',  ( 0.000000000000000000, 1.000000000000000000, 0.000000000000000000 ) ) ;
#2631 = DIRECTION ( 'NONE',  ( -1.000000000000000000, 0.000000000000000000, 0.000000000000000000 ) ) ;
#2632 = DIRECTION ( 'NONE',  ( 0.000000000000000000, 0.000000000000000000, -1.000000000000000000 ) ) ;
#2633 = ORIENTED_EDGE ( 'NONE', *, *, #2710, .F. ) ;
#2634 = LINE ( 'NONE', #1665, #1183 ) ;
#2635 = ORIENTED_EDGE ( 'NONE', *, *, #2773, .F. ) ;
#2636 = EDGE_CURVE ( 'NONE', #2020, #2438, #1004, .T. ) ;
#2637 = DIRECTION ( 'NONE',  ( 0.000000000000000000, -0.000000000000000000, 1.000000000000000000 ) ) ;
#2638 = AXIS2_PLACEMENT_3D ( 'NONE', #2077, #2551, #1605 ) ;
#2639 = ORIENTED_EDGE ( 'NONE', *, *, #199, .F. ) ;
#2640 = PLANE ( 'NONE',  #37 ) ;
#2641 = VECTOR ( 'NONE', #1585, 1000.000000000000000 ) ;
#2642 = ORIENTED_EDGE ( 'NONE', *, *, #1497, .T. ) ;
#2643 = LINE ( 'NONE', #555, #410 ) ;
#2644 = COLOUR_RGB ( '',0.7960784313725489669, 0.8235294117647058432, 0.9372549019607843146 ) ;
#2645 = PLANE ( 'NONE',  #11 ) ;
#2646 = LINE ( 'NONE', #1504, #1921 ) ;
#2647 = CARTESIAN_POINT ( 'NONE',  ( 4.349999999999999645, 3.924999999999999822, -23.52999999999999758 ) ) ;
#2648 = VECTOR ( 'NONE', #383, 1000.000000000000000 ) ;
#2649 = ORIENTED_EDGE ( 'NONE', *, *, #279, .T. ) ;
#2650 = CARTESIAN_POINT ( 'NONE',  ( 7.865000000000000213, 0.000000000000000000, -8.250000000000000000 ) ) ;
#2651 = EDGE_LOOP ( 'NONE', ( #683, #2425 ) ) ;
#2652 = DIRECTION ( 'NONE',  ( 0.000000000000000000, 0.000000000000000000, -1.000000000000000000 ) ) ;
#2653 = EDGE_CURVE ( 'NONE', #1568, #1554, #1145, .T. ) ;
#2654 = AXIS2_PLACEMENT_3D ( 'NONE', #312, #1671, #1425 ) ;
#2655 = VECTOR ( 'NONE', #600, 1000.000000000000000 ) ;
#2656 = VERTEX_POINT ( 'NONE', #2251 ) ;
#2657 = CARTESIAN_POINT ( 'NONE',  ( 7.865000000000000213, 0.000000000000000000, -14.59999999999999964 ) ) ;
#2658 = ORIENTED_EDGE ( 'NONE', *, *, #1939, .F. ) ;
#2659 = PLANE ( 'NONE',  #1276 ) ;
#2660 = EDGE_CURVE ( 'NONE', #1152, #2509, #161, .T. ) ;
#2661 = DIRECTION ( 'NONE',  ( 0.000000000000000000, 0.000000000000000000, -1.000000000000000000 ) ) ;
#2662 = SURFACE_STYLE_FILL_AREA ( #358 ) ;
#2663 = DIRECTION ( 'NONE',  ( 0.000000000000000000, 0.000000000000000000, 1.000000000000000000 ) ) ;
#2664 = ORIENTED_EDGE ( 'NONE', *, *, #1186, .T. ) ;
#2665 = CARTESIAN_POINT ( 'NONE',  ( -4.349999999999999645, 3.924999999999999822, -23.52999999999999758 ) ) ;
#2666 = CARTESIAN_POINT ( 'NONE',  ( 4.349999999999999645, 12.35500000000000043, -20.60999999999999943 ) ) ;
#2667 = VERTEX_POINT ( 'NONE', #2019 ) ;
#2668 = DIRECTION ( 'NONE',  ( 0.000000000000000000, 0.000000000000000000, 1.000000000000000000 ) ) ;
#2669 = ORIENTED_EDGE ( 'NONE', *, *, #2660, .T. ) ;
#2670 = DIRECTION ( 'NONE',  ( 0.000000000000000000, 1.000000000000000000, 0.000000000000000000 ) ) ;
#2671 = EDGE_CURVE ( 'NONE', #1246, #588, #2956, .T. ) ;
#2672 = ORIENTED_EDGE ( 'NONE', *, *, #1785, .T. ) ;
#2673 = CARTESIAN_POINT ( 'NONE',  ( 8.364999999999998437, 0.000000000000000000, -12.44999999999999929 ) ) ;
#2674 = EDGE_LOOP ( 'NONE', ( #2821, #2161, #693, #314 ) ) ;
#2675 = PLANE ( 'NONE',  #2754 ) ;
#2676 = DIRECTION ( 'NONE',  ( 1.000000000000000000, 0.000000000000000000, 0.000000000000000000 ) ) ;
#2677 = DIRECTION ( 'NONE',  ( 0.000000000000000000, -1.000000000000000000, 0.000000000000000000 ) ) ;
#2678 = VERTEX_POINT ( 'NONE', #1961 ) ;
#2679 = DIRECTION ( 'NONE',  ( -0.9282377955828773342, 1.136763445208165974E-16, 0.3719873584564943880 ) ) ;
#2680 = CARTESIAN_POINT ( 'NONE',  ( -7.865000000000000213, 0.2200000000000000011, -8.250000000000000000 ) ) ;
#2681 = FILL_AREA_STYLE ('',( #141 ) ) ;
#2682 = CARTESIAN_POINT ( 'NONE',  ( -10.92006769424999924, 0.000000000000000000, -17.25000000000000000 ) ) ;
#2683 = ORIENTED_EDGE ( 'NONE', *, *, #2325, .T. ) ;
#2684 = CARTESIAN_POINT ( 'NONE',  ( 3.250000000000000000, 8.139999999999998792, 0.000000000000000000 ) ) ;
#2685 = ORIENTED_EDGE ( 'NONE', *, *, #2023, .T. ) ;
#2686 = CARTESIAN_POINT ( 'NONE',  ( 0.000000000000000000, 12.29000000000000092, 3.000000000000000000 ) ) ;
#2687 = ORIENTED_EDGE ( 'NONE', *, *, #400, .T. ) ;
#2688 = AXIS2_PLACEMENT_3D ( 'NONE', #1996, #1753, #794 ) ;
#2689 = EDGE_CURVE ( 'NONE', #448, #889, #2275, .T. ) ;
#2690 = FACE_OUTER_BOUND ( 'NONE', #1580, .T. ) ;
#2691 = VECTOR ( 'NONE', #375, 1000.000000000000000 ) ;
#2692 = ADVANCED_FACE ( 'NONE', ( #2190 ), #2640, .T. ) ;
#2693 = FACE_OUTER_BOUND ( 'NONE', #802, .T. ) ;
#2694 = CARTESIAN_POINT ( 'NONE',  ( 8.364999999999998437, -3.449999999999999734, -4.000000000000000000 ) ) ;
#2695 = ORIENTED_EDGE ( 'NONE', *, *, #2789, .F. ) ;
#2696 = DIRECTION ( 'NONE',  ( -1.000000000000000000, 0.000000000000000000, 0.000000000000000000 ) ) ;
#2697 = CIRCLE ( 'NONE', #1883, 1.299999999999999156 ) ;
#2698 = ORIENTED_EDGE ( 'NONE', *, *, #2043, .F. ) ;
#2699 = CYLINDRICAL_SURFACE ( 'NONE', #1634, 3.250000000000000000 ) ;
#2700 = ORIENTED_EDGE ( 'NONE', *, *, #1939, .T. ) ;
#2701 = AXIS2_PLACEMENT_3D ( 'NONE', #2434, #622, #377 ) ;
#2702 = CARTESIAN_POINT ( 'NONE',  ( 3.801213018315060754, 8.139999999999998792, 3.000000000000000000 ) ) ;
#2703 = ORIENTED_EDGE ( 'NONE', *, *, #1805, .T. ) ;
#2704 = CARTESIAN_POINT ( 'NONE',  ( -4.349999999999999645, 12.35500000000000043, -23.52999999999999758 ) ) ;
#2705 = VECTOR ( 'NONE', #569, 1000.000000000000000 ) ;
#2706 = CARTESIAN_POINT ( 'NONE',  ( -8.364999999999998437, 0.000000000000000000, -4.549999999999999822 ) ) ;
#2707 = MECHANICAL_DESIGN_GEOMETRIC_PRESENTATION_REPRESENTATION (  '', ( #2178 ), #2906 ) ;
#2708 = VERTEX_POINT ( 'NONE', #1731 ) ;
#2709 = DIRECTION ( 'NONE',  ( 0.000000000000000000, 0.000000000000000000, 1.000000000000000000 ) ) ;
#2710 = EDGE_CURVE ( 'NONE', #1042, #511, #353, .T. ) ;
#2711 = EDGE_LOOP ( 'NONE', ( #1881, #2669, #1084, #2400 ) ) ;
#2712 = DIRECTION ( 'NONE',  ( 0.000000000000000000, 0.000000000000000000, 1.000000000000000000 ) ) ;
#2713 =( LENGTH_UNIT ( ) NAMED_UNIT ( * ) SI_UNIT ( .MILLI., .METRE. ) );
#2714 = LINE ( 'NONE', #1094, #710 ) ;
#2715 = ORIENTED_EDGE ( 'NONE', *, *, #549, .T. ) ;
#2716 = CARTESIAN_POINT ( 'NONE',  ( 8.364999999999998437, 0.2200000000000000011, -18.80000000000000071 ) ) ;
#2717 = ORIENTED_EDGE ( 'NONE', *, *, #690, .F. ) ;
#2718 = LINE ( 'NONE', #1565, #109 ) ;
#2719 = LINE ( 'NONE', #1751, #1397 ) ;
#2720 = VERTEX_POINT ( 'NONE', #1040 ) ;
#2721 = CARTESIAN_POINT ( 'NONE',  ( 0.000000000000000000, 3.989999999999999769, 3.000000000000000000 ) ) ;
#2722 = VERTEX_POINT ( 'NONE', #1747 ) ;
#2723 = LINE ( 'NONE', #842, #1181 ) ;
#2724 = PRESENTATION_STYLE_ASSIGNMENT (( #2522 ) ) ;
#2725 = DIRECTION ( 'NONE',  ( -0.000000000000000000, 1.000000000000000000, 0.000000000000000000 ) ) ;
#2726 = DIRECTION ( 'NONE',  ( 0.000000000000000000, -1.000000000000000000, 0.000000000000000000 ) ) ;
#2727 = EDGE_CURVE ( 'NONE', #124, #1993, #582, .T. ) ;
#2728 = ADVANCED_FACE ( 'NONE', ( #1282 ), #2221, .F. ) ;
#2729 = ORIENTED_EDGE ( 'NONE', *, *, #2937, .T. ) ;
#2730 = DIRECTION ( 'NONE',  ( 1.000000000000000000, 0.000000000000000000, 0.000000000000000000 ) ) ;
#2731 = PRESENTATION_LAYER_ASSIGNMENT (  '', '', ( #209 ) ) ;
#2732 = ORIENTED_EDGE ( 'NONE', *, *, #2847, .T. ) ;
#2733 = DIRECTION ( 'NONE',  ( -1.000000000000000000, 0.000000000000000000, 0.000000000000000000 ) ) ;
#2734 = CLOSED_SHELL ( 'NONE', ( #123, #2392, #2431, #2484, #260, #2573, #1106, #38, #856, #1746, #324, #1624, #837, #384, #1500, #1017, #385, #706, #586, #663, #2875, #235, #71, #1082 ) ) ;
#2735 = CYLINDRICAL_SURFACE ( 'NONE', #368, 3.801213018315060754 ) ;
#2736 = AXIS2_PLACEMENT_3D ( 'NONE', #2125, #1910, #2471 ) ;
#2737 = ORIENTED_EDGE ( 'NONE', *, *, #395, .T. ) ;
#2738 = CARTESIAN_POINT ( 'NONE',  ( 7.865000000000000213, 0.2200000000000000011, -18.80000000000000071 ) ) ;
#2739 = AXIS2_PLACEMENT_3D ( 'NONE', #539, #1014, #100 ) ;
#2740 = ORIENTED_EDGE ( 'NONE', *, *, #2727, .F. ) ;
#2741 = CARTESIAN_POINT ( 'NONE',  ( 0.000000000000000000, 8.139999999999998792, -22.42180581256999972 ) ) ;
#2742 = CARTESIAN_POINT ( 'NONE',  ( 9.099999999999999645, 8.139999999999998792, -20.60999999999999943 ) ) ;
#2743 = SURFACE_SIDE_STYLE ('',( #2322 ) ) ;
#2744 = CIRCLE ( 'NONE', #2837, 3.249999999999999556 ) ;
#2745 = LINE ( 'NONE', #158, #2217 ) ;
#2746 = EDGE_CURVE ( 'NONE', #2438, #1053, #1794, .T. ) ;
#2747 = CIRCLE ( 'NONE', #657, 0.5500000000000001554 ) ;
#2748 = ORIENTED_EDGE ( 'NONE', *, *, #1343, .T. ) ;
#2749 = CARTESIAN_POINT ( 'NONE',  ( -8.364999999999998437, 0.000000000000000000, -3.449999999999999734 ) ) ;
#2750 = ORIENTED_EDGE ( 'NONE', *, *, #2874, .T. ) ;
#2751 = DIRECTION ( 'NONE',  ( 0.000000000000000000, -0.000000000000000000, -1.000000000000000000 ) ) ;
#2752 = EDGE_CURVE ( 'NONE', #1365, #2142, #179, .T. ) ;
#2753 = LINE ( 'NONE', #234, #420 ) ;
#2754 = AXIS2_PLACEMENT_3D ( 'NONE', #572, #2483, #605 ) ;
#2755 = ORIENTED_EDGE ( 'NONE', *, *, #18, .T. ) ;
#2756 = CARTESIAN_POINT ( 'NONE',  ( -8.364999999999998437, 0.000000000000000000, -17.25000000000000000 ) ) ;
#2757 = CIRCLE ( 'NONE', #911, 1.299999999999999156 ) ;
#2758 = VERTEX_POINT ( 'NONE', #193 ) ;
#2759 = CARTESIAN_POINT ( 'NONE',  ( -8.364999999999998437, 0.2200000000000000011, -18.80000000000000071 ) ) ;
#2760 = FILL_AREA_STYLE_COLOUR ( '', #2417 ) ;
#2761 = CARTESIAN_POINT ( 'NONE',  ( -10.92006769424999924, 0.000000000000000000, -3.449999999999999734 ) ) ;
#2762 = PRESENTATION_LAYER_ASSIGNMENT (  '', '', ( #1350 ) ) ;
#2763 = EDGE_CURVE ( 'NONE', #2092, #1798, #1347, .T. ) ;
#2764 = CARTESIAN_POINT ( 'NONE',  ( 7.865000000000000213, -3.449999999999999734, -4.549999999999999822 ) ) ;
#2765 = VERTEX_POINT ( 'NONE', #2037 ) ;
#2767 = ORIENTED_EDGE ( 'NONE', *, *, #641, .T. ) ;
#2766 = DIRECTION ( 'NONE',  ( 0.000000000000000000, 0.000000000000000000, 1.000000000000000000 ) ) ;
#2768 = PLANE ( 'NONE',  #425 ) ;
#2769 = VERTEX_POINT ( 'NONE', #1381 ) ;
#2770 = DIRECTION ( 'NONE',  ( 0.000000000000000000, 0.000000000000000000, 1.000000000000000000 ) ) ;
#2771 = DIRECTION ( 'NONE',  ( 0.000000000000000000, 0.000000000000000000, -1.000000000000000000 ) ) ;
#2772 = VERTEX_POINT ( 'NONE', #1401 ) ;
#2773 = EDGE_CURVE ( 'NONE', #467, #2353, #2101, .T. ) ;
#2774 = DIRECTION ( 'NONE',  ( 1.000000000000000000, 0.000000000000000000, 0.000000000000000000 ) ) ;
#2775 = ORIENTED_EDGE ( 'NONE', *, *, #493, .F. ) ;
#2776 = EDGE_CURVE ( 'NONE', #2545, #2409, #2510, .T. ) ;
#2777 =( LENGTH_UNIT ( ) NAMED_UNIT ( * ) SI_UNIT ( .MILLI., .METRE. ) );
#2778 = FACE_OUTER_BOUND ( 'NONE', #1020, .T. ) ;
#2780 = ORIENTED_EDGE ( 'NONE', *, *, #1894, .T. ) ;
#2779 = DIRECTION ( 'NONE',  ( 0.000000000000000000, 0.000000000000000000, 1.000000000000000000 ) ) ;
#2781 = DIRECTION ( 'NONE',  ( -1.000000000000000000, 0.000000000000000000, 0.000000000000000000 ) ) ;
#2782 = EDGE_LOOP ( 'NONE', ( #1542, #1364, #1455, #52 ) ) ;
#2783 = CARTESIAN_POINT ( 'NONE',  ( -8.364999999999998437, 0.2200000000000000011, -14.59999999999999964 ) ) ;
#2784 = DIRECTION ( 'NONE',  ( -0.000000000000000000, 1.000000000000000000, 0.000000000000000000 ) ) ;
#2785 = EDGE_LOOP ( 'NONE', ( #2897, #2715, #2672, #2664, #1561, #2685, #1535, #1549, #1946, #1399 ) ) ;
#2786 = DIRECTION ( 'NONE',  ( -0.000000000000000000, 1.000000000000000000, 0.000000000000000000 ) ) ;
#2787 = EDGE_CURVE ( 'NONE', #889, #1874, #2561, .T. ) ;
#2788 = CARTESIAN_POINT ( 'NONE',  ( 9.099999999999999645, 8.139999999999998792, 0.000000000000000000 ) ) ;
#2789 = EDGE_CURVE ( 'NONE', #2616, #1066, #1146, .T. ) ;
#2790 = SHAPE_DEFINITION_REPRESENTATION ( #939, #2420 ) ;
#2791 = FACE_OUTER_BOUND ( 'NONE', #1338, .T. ) ;
#2792 = AXIS2_PLACEMENT_3D ( 'NONE', #1133, #1569, #441 ) ;
#2793 = CARTESIAN_POINT ( 'NONE',  ( -8.364999999999998437, -3.449999999999999734, -4.000000000000000000 ) ) ;
#2794 = AXIS2_PLACEMENT_3D ( 'NONE', #2938, #2733, #1601 ) ;
#2795 = VECTOR ( 'NONE', #1022, 1000.000000000000000 ) ;
#2796 = DIRECTION ( 'NONE',  ( 0.000000000000000000, 0.000000000000000000, -1.000000000000000000 ) ) ;
#2797 = DIRECTION ( 'NONE',  ( -1.000000000000000000, 0.000000000000000000, 0.000000000000000000 ) ) ;
#2798 = AXIS2_PLACEMENT_3D ( 'NONE', #2363, #284, #49 ) ;
#2799 = CARTESIAN_POINT ( 'NONE',  ( 8.364999999999998437, -3.449999999999999734, -16.15000000000000213 ) ) ;
#2800 = VERTEX_POINT ( 'NONE', #2328 ) ;
#2801 = CARTESIAN_POINT ( 'NONE',  ( -8.364999999999998437, -3.449999999999999734, -16.15000000000000213 ) ) ;
#2802 = LINE ( 'NONE', #219, #1138 ) ;
#2803 = VECTOR ( 'NONE', #1234, 1000.000000000000000 ) ;
#2804 = ADVANCED_FACE ( 'NONE', ( #892 ), #2768, .T. ) ;
#2805 = PLANE ( 'NONE',  #1031 ) ;
#2806 = PRESENTATION_LAYER_ASSIGNMENT (  '', '', ( #1095 ) ) ;
#2807 = CARTESIAN_POINT ( 'NONE',  ( -9.099999999999999645, 0.2200000000000000011, 0.000000000000000000 ) ) ;
#2808 = EDGE_CURVE ( 'NONE', #1793, #782, #1111, .T. ) ;
#2810 = EDGE_LOOP ( 'NONE', ( #898, #941, #1468, #728 ) ) ;
#2809 = CARTESIAN_POINT ( 'NONE',  ( 8.364999999999998437, 0.000000000000000000, -8.250000000000000000 ) ) ;
#2811 = LINE ( 'NONE', #1876, #1981 ) ;
#2812 = ORIENTED_EDGE ( 'NONE', *, *, #142, .T. ) ;
#2813 = CARTESIAN_POINT ( 'NONE',  ( 8.364999999999998437, -3.449999999999999734, -16.69999999999999929 ) ) ;
#2814 = EDGE_LOOP ( 'NONE', ( #237, #128, #2379, #2548 ) ) ;
#2815 = PLANE ( 'NONE',  #2399 ) ;
#2816 = LINE ( 'NONE', #1942, #2879 ) ;
#2817 = CARTESIAN_POINT ( 'NONE',  ( -10.92006769424999924, 0.000000000000000000, -16.15000000000000213 ) ) ;
#2818 = LINE ( 'NONE', #464, #900 ) ;
#2819 = EDGE_CURVE ( 'NONE', #2255, #2920, #1612, .T. ) ;
#2821 = ORIENTED_EDGE ( 'NONE', *, *, #282, .T. ) ;
#2820 = FACE_OUTER_BOUND ( 'NONE', #1825, .T. ) ;
#2822 = CARTESIAN_POINT ( 'NONE',  ( 0.000000000000000000, 8.139999999999998792, 3.000000000000000000 ) ) ;
#2823 = EDGE_CURVE ( 'NONE', #1452, #345, #404, .T. ) ;
#2824 = ORIENTED_EDGE ( 'NONE', *, *, #3002, .T. ) ;
#2825 = PLANE ( 'NONE',  #1595 ) ;
#2826 = ORIENTED_EDGE ( 'NONE', *, *, #1160, .F. ) ;
#2827 = DIRECTION ( 'NONE',  ( 1.000000000000000000, 0.000000000000000000, 0.000000000000000000 ) ) ;
#2828 = ADVANCED_FACE ( 'NONE', ( #2266 ), #563, .T. ) ;
#2829 = DIRECTION ( 'NONE',  ( 0.000000000000000000, -1.000000000000000000, 0.000000000000000000 ) ) ;
#2830 = LINE ( 'NONE', #2622, #403 ) ;
#2831 = DIRECTION ( 'NONE',  ( 0.000000000000000000, 0.000000000000000000, -1.000000000000000000 ) ) ;
#2832 = ORIENTED_EDGE ( 'NONE', *, *, #282, .F. ) ;
#2833 = CARTESIAN_POINT ( 'NONE',  ( -8.364999999999998437, 0.000000000000000000, -6.100000000000000533 ) ) ;
#2834 = AXIS2_PLACEMENT_3D ( 'NONE', #31, #248, #485 ) ;
#2835 = LINE ( 'NONE', #713, #129 ) ;
#2836 = ADVANCED_FACE ( 'NONE', ( #2544 ), #2292, .F. ) ;
#2837 = AXIS2_PLACEMENT_3D ( 'NONE', #678, #1652, #2542 ) ;
#2838 = ADVANCED_FACE ( 'NONE', ( #878 ), #229, .F. ) ;
#2839 = ORIENTED_EDGE ( 'NONE', *, *, #1696, .F. ) ;
#2840 = DIRECTION ( 'NONE',  ( 0.000000000000000000, 0.000000000000000000, 1.000000000000000000 ) ) ;
#2841 = CIRCLE ( 'NONE', #224, 7.530000000000001137 ) ;
#2842 = EDGE_CURVE ( 'NONE', #645, #2509, #2089, .T. ) ;
#2843 = ORIENTED_EDGE ( 'NONE', *, *, #1482, .T. ) ;
#2844 = DIRECTION ( 'NONE',  ( 1.000000000000000000, 0.000000000000000000, 0.000000000000000000 ) ) ;
#2845 = VECTOR ( 'NONE', #1137, 1000.000000000000000 ) ;
#2846 = DIRECTION ( 'NONE',  ( -1.000000000000000000, 0.000000000000000000, 0.000000000000000000 ) ) ;
#2847 = EDGE_CURVE ( 'NONE', #1930, #2907, #2051, .T. ) ;
#2848 = DIRECTION ( 'NONE',  ( 1.000000000000000000, 0.000000000000000000, 0.000000000000000000 ) ) ;
#2849 = VECTOR ( 'NONE', #1760, 1000.000000000000000 ) ;
#2850 =( REPRESENTATION_RELATIONSHIP ('NONE','NONE', #1818, #2420 ) REPRESENTATION_RELATIONSHIP_WITH_TRANSFORMATION ( #704 )SHAPE_REPRESENTATION_RELATIONSHIP( ) );
#2851 = DIRECTION ( 'NONE',  ( 1.000000000000000000, 0.000000000000000000, 0.000000000000000000 ) ) ;
#2852 = EDGE_LOOP ( 'NONE', ( #99, #97, #2512, #2974 ) ) ;
#2853 = VECTOR ( 'NONE', #2670, 1000.000000000000000 ) ;
#2854 = DIRECTION ( 'NONE',  ( 0.000000000000000000, -0.8660254037844288266, -0.5000000000000169864 ) ) ;
#2855 = CARTESIAN_POINT ( 'NONE',  ( 8.364999999999998437, 0.2200000000000000011, -6.100000000000000533 ) ) ;
#2856 = EDGE_LOOP ( 'NONE', ( #2311, #1642, #2478 ) ) ;
#2857 = CYLINDRICAL_SURFACE ( 'NONE', #2026, 5.700000000000000178 ) ;
#2858 = VERTEX_POINT ( 'NONE', #2527 ) ;
#2859 = DIRECTION ( 'NONE',  ( 0.000000000000000000, 0.000000000000000000, -1.000000000000000000 ) ) ;
#2860 = EDGE_CURVE ( 'NONE', #1080, #139, #2757, .T. ) ;
#2861 = CARTESIAN_POINT ( 'NONE',  ( 3.801213018315060754, 8.139999999999998792, -21.92590392197771365 ) ) ;
#2862 = EDGE_CURVE ( 'NONE', #2577, #1485, #481, .T. ) ;
#2863 = FACE_OUTER_BOUND ( 'NONE', #2563, .T. ) ;
#2864 = ORIENTED_EDGE ( 'NONE', *, *, #444, .T. ) ;
#2865 = DIRECTION ( 'NONE',  ( -1.000000000000000000, 0.000000000000000000, 0.000000000000000000 ) ) ;
#2866 = ORIENTED_EDGE ( 'NONE', *, *, #2233, .F. ) ;
#2867 = FACE_OUTER_BOUND ( 'NONE', #805, .T. ) ;
#2868 = ORIENTED_EDGE ( 'NONE', *, *, #2606, .F. ) ;
#2869 = CARTESIAN_POINT ( 'NONE',  ( -10.92006769424999924, -3.449999999999999734, -16.15000000000000213 ) ) ;
#2870 = VECTOR ( 'NONE', #1662, 1000.000000000000000 ) ;
#2871 = ORIENTED_EDGE ( 'NONE', *, *, #342, .F. ) ;
#2872 = CARTESIAN_POINT ( 'NONE',  ( -7.865000000000000213, 0.000000000000000000, -16.15000000000000213 ) ) ;
#2873 = DIRECTION ( 'NONE',  ( 1.000000000000000000, 0.000000000000000000, 0.000000000000000000 ) ) ;
#2874 = EDGE_CURVE ( 'NONE', #636, #1907, #1932, .T. ) ;
#2875 = ADVANCED_FACE ( 'NONE', ( #2144 ), #2615, .F. ) ;
#2876 = ORIENTED_EDGE ( 'NONE', *, *, #316, .T. ) ;
#2877 = AXIS2_PLACEMENT_3D ( 'NONE', #2165, #1899, #1003 ) ;
#2878 = FACE_OUTER_BOUND ( 'NONE', #2218, .T. ) ;
#2879 = VECTOR ( 'NONE', #278, 1000.000000000000000 ) ;
#2880 = EDGE_LOOP ( 'NONE', ( #336, #1068, #1506, #2010, #1185, #2327, #1547, #2740 ) ) ;
#2881 = EDGE_CURVE ( 'NONE', #879, #2800, #1654, .T. ) ;
#2882 = STYLED_ITEM ( 'NONE', ( #1791 ), #12 ) ;
#2883 = LINE ( 'NONE', #1496, #707 ) ;
#2884 = CIRCLE ( 'NONE', #2305, 3.801213018315060754 ) ;
#2885 = STYLED_ITEM ( 'NONE', ( #1752 ), #938 ) ;
#2886 = ORIENTED_EDGE ( 'NONE', *, *, #531, .T. ) ;
#2887 = CARTESIAN_POINT ( 'NONE',  ( 8.364999999999998437, 0.2200000000000000011, -6.100000000000000533 ) ) ;
#2888 = VECTOR ( 'NONE', #845, 1000.000000000000000 ) ;
#2889 = ORIENTED_EDGE ( 'NONE', *, *, #1396, .F. ) ;
#2890 = DIRECTION ( 'NONE',  ( 0.000000000000000000, 0.000000000000000000, -1.000000000000000000 ) ) ;
#2891 = ORIENTED_EDGE ( 'NONE', *, *, #54, .T. ) ;
#2892 = AXIS2_PLACEMENT_3D ( 'NONE', #2378, #766, #1008 ) ;
#2893 = CARTESIAN_POINT ( 'NONE',  ( -8.364999999999998437, 0.2200000000000000011, -18.80000000000000071 ) ) ;
#2894 = CARTESIAN_POINT ( 'NONE',  ( 0.000000000000000000, 11.39000000000000057, -21.48361162512999911 ) ) ;
#2895 = CARTESIAN_POINT ( 'NONE',  ( 9.099999999999999645, 0.2200000000000000011, 0.000000000000000000 ) ) ;
#2896 = VECTOR ( 'NONE', #2319, 1000.000000000000000 ) ;
#2897 = ORIENTED_EDGE ( 'NONE', *, *, #1388, .T. ) ;
#2898 = LINE ( 'NONE', #1199, #506 ) ;
#2899 = CARTESIAN_POINT ( 'NONE',  ( 8.364999999999998437, 0.2200000000000000011, -18.80000000000000071 ) ) ;
#2900 = FACE_OUTER_BOUND ( 'NONE', #679, .T. ) ;
#2901 = EDGE_CURVE ( 'NONE', #2252, #1930, #1410, .T. ) ;
#2902 = CIRCLE ( 'NONE', #2321, 0.5499999999999983791 ) ;
#2903 = ORIENTED_EDGE ( 'NONE', *, *, #42, .T. ) ;
#2904 = EDGE_CURVE ( 'NONE', #1895, #2708, #2835, .T. ) ;
#2905 = CARTESIAN_POINT ( 'NONE',  ( -10.92006769424999924, 0.000000000000000000, -6.100000000000000533 ) ) ;
#2906 =( GEOMETRIC_REPRESENTATION_CONTEXT ( 3 ) GLOBAL_UNCERTAINTY_ASSIGNED_CONTEXT ( ( #1316 ) ) GLOBAL_UNIT_ASSIGNED_CONTEXT ( ( #2594, #2138, #1620 ) ) REPRESENTATION_CONTEXT ( 'NONE', 'WORKASPACE' ) );
#2907 = VERTEX_POINT ( 'NONE', #1914 ) ;
#2908 = DIRECTION ( 'NONE',  ( 1.000000000000000000, 0.000000000000000000, 0.000000000000000000 ) ) ;
#2909 = ORIENTED_EDGE ( 'NONE', *, *, #2325, .F. ) ;
#2910 = DIRECTION ( 'NONE',  ( 0.000000000000000000, -1.000000000000000000, 0.000000000000000000 ) ) ;
#2911 = ADVANCED_FACE ( 'NONE', ( #2338 ), #967, .F. ) ;
#2912 = FILL_AREA_STYLE_COLOUR ( '', #1175 ) ;
#2913 = DIRECTION ( 'NONE',  ( 0.000000000000000000, 0.000000000000000000, -1.000000000000000000 ) ) ;
#2914 = ORIENTED_EDGE ( 'NONE', *, *, #182, .T. ) ;
#2915 = LINE ( 'NONE', #1341, #465 ) ;
#2916 = DIRECTION ( 'NONE',  ( 0.000000000000000000, 0.000000000000000000, -1.000000000000000000 ) ) ;
#2917 = ORIENTED_EDGE ( 'NONE', *, *, #1415, .T. ) ;
#2918 = CARTESIAN_POINT ( 'NONE',  ( 7.865000000000000213, 0.000000000000000000, -8.250000000000000000 ) ) ;
#2919 = EDGE_CURVE ( 'NONE', #1606, #2041, #1644, .T. ) ;
#2920 = VERTEX_POINT ( 'NONE', #2855 ) ;
#2921 = ADVANCED_FACE ( 'NONE', ( #1508 ), #255, .F. ) ;
#2922 = CARTESIAN_POINT ( 'NONE',  ( -7.865000000000000213, -3.449999999999999734, -3.449999999999999734 ) ) ;
#2923 = ORIENTED_EDGE ( 'NONE', *, *, #932, .T. ) ;
#2924 = FACE_OUTER_BOUND ( 'NONE', #2785, .T. ) ;
#2925 = ORIENTED_EDGE ( 'NONE', *, *, #1109, .F. ) ;
#2926 = DIRECTION ( 'NONE',  ( 1.000000000000000000, 0.000000000000000000, 0.000000000000000000 ) ) ;
#2927 = FILL_AREA_STYLE ('',( #2912 ) ) ;
#2928 = CARTESIAN_POINT ( 'NONE',  ( -10.92006769424999924, -3.449999999999999734, -10.34999999999999964 ) ) ;
#2929 = ORIENTED_EDGE ( 'NONE', *, *, #4, .T. ) ;
#2930 = FACE_OUTER_BOUND ( 'NONE', #1232, .T. ) ;
#2931 =( NAMED_UNIT ( * ) PLANE_ANGLE_UNIT ( ) SI_UNIT ( $, .RADIAN. ) );
#2932 = DIRECTION ( 'NONE',  ( 0.000000000000000000, 0.000000000000000000, -1.000000000000000000 ) ) ;
#2933 = ORIENTED_EDGE ( 'NONE', *, *, #2382, .T. ) ;
#2934 = AXIS2_PLACEMENT_3D ( 'NONE', #2081, #705, #3013 ) ;
#2935 = DIRECTION ( 'NONE',  ( 0.000000000000000000, -1.000000000000000000, 0.000000000000000000 ) ) ;
#2936 = EDGE_LOOP ( 'NONE', ( #1854, #700, #525, #1698 ) ) ;
#2937 = EDGE_CURVE ( 'NONE', #2722, #259, #2381, .T. ) ;
#2938 = CARTESIAN_POINT ( 'NONE',  ( -8.364999999999998437, 0.2200000000000000011, -8.250000000000000000 ) ) ;
#2939 = VECTOR ( 'NONE', #1389, 1000.000000000000000 ) ;
#2940 = PLANE ( 'NONE',  #1439 ) ;
#2941 = AXIS2_PLACEMENT_3D ( 'NONE', #2704, #620, #389 ) ;
#2942 = VERTEX_POINT ( 'NONE', #296 ) ;
#2943 = CARTESIAN_POINT ( 'NONE',  ( 0.000000000000000000, 8.139999999999998792, -21.92590392197771365 ) ) ;
#2944 = CIRCLE ( 'NONE', #1726, 1.299999999999999156 ) ;
#2945 = VERTEX_POINT ( 'NONE', #2130 ) ;
#2946 = CARTESIAN_POINT ( 'NONE',  ( -9.099999999999999645, 0.2200000000000000011, -20.60999999999999943 ) ) ;
#2947 = DIRECTION ( 'NONE',  ( -1.000000000000000000, 0.000000000000000000, 0.000000000000000000 ) ) ;
#2948 = EDGE_CURVE ( 'NONE', #1977, #2772, #2811, .T. ) ;
#2949 = AXIS2_PLACEMENT_3D ( 'NONE', #709, #222, #2126 ) ;
#2950 = EDGE_LOOP ( 'NONE', ( #631, #918 ) ) ;
#2951 = CARTESIAN_POINT ( 'NONE',  ( 0.000000000000000000, 4.890000000000000568, -21.48361162512999911 ) ) ;
#2952 = MANIFOLD_SOLID_BREP ( 'Split2[1]', #62 ) ;
#2953 = ORIENTED_EDGE ( 'NONE', *, *, #575, .T. ) ;
#2954 = AXIS2_PLACEMENT_3D ( 'NONE', #1217, #998, #755 ) ;
#2955 = APPLICATION_CONTEXT ( 'automotive_design' ) ;
#2956 = LINE ( 'NONE', #1248, #1442 ) ;
#2957 = ORIENTED_EDGE ( 'NONE', *, *, #1445, .F. ) ;
#2958 = CARTESIAN_POINT ( 'NONE',  ( 7.865000000000000213, 0.000000000000000000, -10.90000000000000036 ) ) ;
#2959 = COLOUR_RGB ( '',0.7960784313725489669, 0.8235294117647058432, 0.9372549019607843146 ) ;
#2960 = CARTESIAN_POINT ( 'NONE',  ( 0.000000000000000000, 8.139999999999998792, -20.60999999999999943 ) ) ;
#2961 = CARTESIAN_POINT ( 'NONE',  ( 8.364999999999998437, 0.2200000000000000011, -8.250000000000000000 ) ) ;
#2962 = EDGE_LOOP ( 'NONE', ( #2068, #297, #1750, #311 ) ) ;
#2963 = DIRECTION ( 'NONE',  ( -0.000000000000000000, -0.000000000000000000, 1.000000000000000000 ) ) ;
#2964 = EDGE_CURVE ( 'NONE', #1734, #2541, #956, .T. ) ;
#2965 = ORIENTED_EDGE ( 'NONE', *, *, #2213, .F. ) ;
#2966 = DIRECTION ( 'NONE',  ( 0.000000000000000000, 0.000000000000000000, 1.000000000000000000 ) ) ;
#2967 = EDGE_CURVE ( 'NONE', #1948, #56, #1986, .T. ) ;
#2968 =( NAMED_UNIT ( * ) PLANE_ANGLE_UNIT ( ) SI_UNIT ( $, .RADIAN. ) );
#2969 = CARTESIAN_POINT ( 'NONE',  ( -8.364999999999998437, 0.2200000000000000011, -18.80000000000000071 ) ) ;
#2970 = CARTESIAN_POINT ( 'NONE',  ( -7.865000000000000213, 0.2200000000000000011, -6.100000000000000533 ) ) ;
#2971 = ADVANCED_FACE ( 'NONE', ( #1049 ), #593, .T. ) ;
#2972 = ORIENTED_EDGE ( 'NONE', *, *, #2193, .T. ) ;
#2973 = DIRECTION ( 'NONE',  ( 1.000000000000000000, 0.000000000000000000, 0.000000000000000000 ) ) ;
#2974 = ORIENTED_EDGE ( 'NONE', *, *, #2523, .F. ) ;
#2975 = CARTESIAN_POINT ( 'NONE',  ( -8.364999999999998437, 0.000000000000000000, -18.80000000000000071 ) ) ;
#2976 = MANIFOLD_SOLID_BREP ( 'Split1[4]', #2497 ) ;
#2977 = LINE ( 'NONE', #439, #127 ) ;
#2978 = ORIENTED_EDGE ( 'NONE', *, *, #2523, .T. ) ;
#2979 = FACE_OUTER_BOUND ( 'NONE', #299, .T. ) ;
#2980 = EDGE_LOOP ( 'NONE', ( #2649, #1379, #2767, #1204, #154, #1557, #1329, #1813 ) ) ;
#2981 = CARTESIAN_POINT ( 'NONE',  ( -8.364999999999998437, 0.000000000000000000, -17.25000000000000000 ) ) ;
#2982 = MANIFOLD_SOLID_BREP ( 'Split1[2]', #399 ) ;
#2983 = EDGE_CURVE ( 'NONE', #992, #2765, #1790, .T. ) ;
#2984 = PRODUCT_DEFINITION ( 'UNKNOWN', '', #2131, #2239 ) ;
#2985 = CARTESIAN_POINT ( 'NONE',  ( -8.364999999999998437, 0.000000000000000000, -10.90000000000000036 ) ) ;
#2986 = ADVANCED_FACE ( 'NONE', ( #202 ), #396, .F. ) ;
#2987 = ORIENTED_EDGE ( 'NONE', *, *, #2752, .T. ) ;
#2988 = ORIENTED_EDGE ( 'NONE', *, *, #853, .T. ) ;
#2989 = DIRECTION ( 'NONE',  ( -0.000000000000000000, -0.000000000000000000, 1.000000000000000000 ) ) ;
#2990 = COLOUR_RGB ( '',0.7960784313725489669, 0.8235294117647058432, 0.9372549019607843146 ) ;
#2991 = VERTEX_POINT ( 'NONE', #1119 ) ;
#2992 = DIRECTION ( 'NONE',  ( 0.000000000000000000, -1.000000000000000000, 0.000000000000000000 ) ) ;
#2993 = DIRECTION ( 'NONE',  ( -0.000000000000000000, -0.000000000000000000, 1.000000000000000000 ) ) ;
#2994 = CIRCLE ( 'NONE', #2736, 3.801213018315060754 ) ;
#2995 = EDGE_LOOP ( 'NONE', ( #2443, #2189, #831, #2087 ) ) ;
#2996 = CARTESIAN_POINT ( 'NONE',  ( -7.865000000000000213, 0.000000000000000000, -18.80000000000000071 ) ) ;
#2997 = VECTOR ( 'NONE', #789, 1000.000000000000000 ) ;
#2998 = ORIENTED_EDGE ( 'NONE', *, *, #583, .F. ) ;
#2999 = CARTESIAN_POINT ( 'NONE',  ( -10.92006769424999924, 0.000000000000000000, -9.799999999999998934 ) ) ;
#3000 = AXIS2_PLACEMENT_3D ( 'NONE', #965, #2557, #1901 ) ;
#3001 = VECTOR ( 'NONE', #2215, 1000.000000000000000 ) ;
#3002 = EDGE_CURVE ( 'NONE', #498, #1740, #2061, .T. ) ;
#3003 = DIRECTION ( 'NONE',  ( 1.000000000000000000, 0.000000000000000000, 0.000000000000000000 ) ) ;
#3004 = ORIENTED_EDGE ( 'NONE', *, *, #342, .T. ) ;
#3005 = DIRECTION ( 'NONE',  ( 0.000000000000000000, 0.000000000000000000, 1.000000000000000000 ) ) ;
#3006 = VECTOR ( 'NONE', #2771, 1000.000000000000000 ) ;
#3007 = DIRECTION ( 'NONE',  ( 0.000000000000000000, 0.000000000000000000, 1.000000000000000000 ) ) ;
#3008 = VECTOR ( 'NONE', #680, 1000.000000000000000 ) ;
#3009 = ORIENTED_EDGE ( 'NONE', *, *, #1030, .F. ) ;
#3010 = CARTESIAN_POINT ( 'NONE',  ( -9.099999999999999645, 0.2200000000000000011, 0.000000000000000000 ) ) ;
#3011 = ORIENTED_EDGE ( 'NONE', *, *, #675, .F. ) ;
#3012 = LINE ( 'NONE', #655, #1765 ) ;
#3013 = DIRECTION ( 'NONE',  ( 1.000000000000000000, 0.000000000000000000, 0.000000000000000000 ) ) ;
#3014 = CYLINDRICAL_SURFACE ( 'NONE', #1928, 7.530000000000000249 ) ;
#3015 = APPLICATION_CONTEXT ( 'automotive_design' ) ;
#2469 = CARTESIAN_POINT ( 'NONE',  ( -7.865000000000000213, 0.2200000000000000011, -6.100000000000000533 ) ) ;
#3017 = NEXT_ASSEMBLY_USAGE_OCCURRENCE ( 'NAUO1', ' ', ' ', #1581, #2984, $ ) ;
ENDSEC;
END-ISO-10303-21;
